Strike,Date,District,Province,min_killed,max_killed ,min_civillians_killed,max_civillians_killed,min_children_killed,max_children_killed,min_injured,max_injured,Strike link,Timeline URL
AFG001,01/01/2015,Spera,Khost,0,0,0,0,0,0,0,0,http://www.thebureauinvestigates.com/2015/02/12/us-drone-war-afghanistan-list-american-air-strikes-2015/#77,http://www.thebureauinvestigates.com/2015/02/12/us-drone-war-afghanistan-list-american-air-strikes-2015/#
AFG002,03/01/2015,Gayan,Paktika,18,18,0,0,0,0,0,0,http://www.thebureauinvestigates.com/2015/02/12/us-drone-war-afghanistan-list-american-air-strikes-2015/#3,
AFG003,03/01/2015,Spera,Khost,7,7,0,0,0,0,0,0,http://www.thebureauinvestigates.com/2015/02/12/us-drone-war-afghanistan-list-american-air-strikes-2015/#4,
AFG004,06/01/2015,Dara I Pech,Kunar,0,0,0,0,0,0,0,0,http://www.thebureauinvestigates.com/2015/02/12/us-drone-war-afghanistan-list-american-air-strikes-2015/#120,
AFG005,07/01/2015,Unknown,Logar,3,3,0,0,0,0,0,0,http://www.thebureauinvestigates.com/2015/02/12/us-drone-war-afghanistan-list-american-air-strikes-2015/#5,
AFG006,08/01/2015,Lal Pura,Nangarhar,6,6,0,0,0,0,3,3,http://www.thebureauinvestigates.com/2015/02/12/us-drone-war-afghanistan-list-american-air-strikes-2015/#6,
AFG007,11/01/2015,Lal Pura,Nangarhar,8,8,0,0,0,0,3,3,http://www.thebureauinvestigates.com/2015/02/12/us-drone-war-afghanistan-list-american-air-strikes-2015/#78,
AFG008,16/01/2015,Nazyan,Nangarhar,3,3,0,0,0,0,0,0,http://www.thebureauinvestigates.com/2015/02/12/us-drone-war-afghanistan-list-american-air-strikes-2015/#7,
AFG009,17/01/2015,Lal Pura,Nangarhar,0,0,0,0,0,0,0,0,http://www.thebureauinvestigates.com/2015/02/12/us-drone-war-afghanistan-list-american-air-strikes-2015/#121,
AFG010,19/01/2015,Khugyani,Nangarhar,0,0,0,0,0,0,0,0,http://www.thebureauinvestigates.com/2015/02/12/us-drone-war-afghanistan-list-american-air-strikes-2015/#122,
AFG011,08/02/2015,Kajak,Helmand,6,8,0,0,0,0,0,0,http://www.thebureauinvestigates.com/2015/02/12/us-drone-war-afghanistan-list-american-air-strikes-2015/#1,
AFG012,10/02/2015,Khas Kunar,Kunar,2,2,0,0,0,0,0,0,http://www.thebureauinvestigates.com/2015/02/12/us-drone-war-afghanistan-list-american-air-strikes-2015/#8,
AFG013,11/02/2015,Nazyan,Nangarhar,2,9,0,0,0,0,0,0,http://www.thebureauinvestigates.com/2015/02/12/us-drone-war-afghanistan-list-american-air-strikes-2015/#9,
AFG014,18/02/2015,Khogyani,Nangarhar,8,8,0,0,0,0,0,0,http://www.thebureauinvestigates.com/2015/02/12/us-drone-war-afghanistan-list-american-air-strikes-2015/#79,
AFG015,02/03/2015,Alishir,Khost,1,1,0,1,0,0,0,0,http://www.thebureauinvestigates.com/2015/02/12/us-drone-war-afghanistan-list-american-air-strikes-2015/#80,
AFG016,10/03/2015,Achin,Nangarhar,6,6,0,0,0,0,0,0,http://www.thebureauinvestigates.com/2015/02/12/us-drone-war-afghanistan-list-american-air-strikes-2015/#81,
AFG017,11/03/2015,Sarakani,Kunar,0,0,0,0,0,0,0,0,http://www.thebureauinvestigates.com/2015/02/12/us-drone-war-afghanistan-list-american-air-strikes-2015/#124,
AFG018,13/03/2015,Lal Pura,Nangarhar,0,0,0,0,0,0,0,0,http://www.thebureauinvestigates.com/2015/02/12/us-drone-war-afghanistan-list-american-air-strikes-2015/#82,
AFG019,18/03/2015,Chinar Khor,Kunar,0,0,0,0,0,0,1,1,http://www.thebureauinvestigates.com/2015/02/12/us-drone-war-afghanistan-list-american-air-strikes-2015/#126,
AFG020,23/03/2015,Nazyan,Nangarhar,9,13,0,0,0,0,0,0,http://www.thebureauinvestigates.com/2015/02/12/us-drone-war-afghanistan-list-american-air-strikes-2015/#10,
AFG021,24/03/2015,Unknown,Kunar,11,11,0,0,0,0,0,0,http://www.thebureauinvestigates.com/2015/02/12/us-drone-war-afghanistan-list-american-air-strikes-2015/#11,
AFG022,25/03/2015,Sia Gird,Parwan,0,0,0,0,0,0,0,0,http://www.thebureauinvestigates.com/2015/02/12/us-drone-war-afghanistan-list-american-air-strikes-2015/#127,
AFG023,26/03/2015,Zurmat,Paktia,0,0,0,0,0,0,1,1,http://www.thebureauinvestigates.com/2015/02/12/us-drone-war-afghanistan-list-american-air-strikes-2015/#128,
AFG024,12/04/2015,Dara I Pech,Kunar,3,3,0,0,0,0,0,0,http://www.thebureauinvestigates.com/2015/02/12/us-drone-war-afghanistan-list-american-air-strikes-2015/#13,
AFG025,28/04/2015,Chapa Darre,Kunar,3,3,0,0,0,0,0,0,http://www.thebureauinvestigates.com/2015/02/12/us-drone-war-afghanistan-list-american-air-strikes-2015/#14,
AFG026,03/05/2015,Mohmand Dara,Nangarhar,12,12,0,0,0,0,0,0,http://www.thebureauinvestigates.com/2015/02/12/us-drone-war-afghanistan-list-american-air-strikes-2015/#15,
AFG027,04/05/2015,Mohmand Dara,Nangarhar,17,17,0,0,0,0,0,0,http://www.thebureauinvestigates.com/2015/02/12/us-drone-war-afghanistan-list-american-air-strikes-2015/#16,
AFG028,07/05/2015,Khas Khar,Kunar,6,7,0,1,0,1,0,0,http://www.thebureauinvestigates.com/2015/02/12/us-drone-war-afghanistan-list-american-air-strikes-2015/#17,
AFG029,07/05/2015,Goshti,Nangarhar,4,4,0,0,0,0,0,0,http://www.thebureauinvestigates.com/2015/02/12/us-drone-war-afghanistan-list-american-air-strikes-2015/#18,
AFG030,09/05/2015,Lal Pura,Nangarhar,13,13,0,0,0,0,0,0,http://www.thebureauinvestigates.com/2015/02/12/us-drone-war-afghanistan-list-american-air-strikes-2015/#19,
AFG031,14/05/2015,Bati Kot,Nangarhar,4,4,0,0,0,0,1,1,http://www.thebureauinvestigates.com/2015/02/12/us-drone-war-afghanistan-list-american-air-strikes-2015/#20,
AFG032,15/05/2015,"Various: Nazyan, Bati Kot, Bandar Darah, Dur Baba, Achin",Nangarhar,5,41,0,0,0,0,0,0,http://www.thebureauinvestigates.com/2015/02/12/us-drone-war-afghanistan-list-american-air-strikes-2015/#21,
AFG033,21/05/2015,Watapor,Kunar,4,5,0,0,0,0,0,0,http://www.thebureauinvestigates.com/2015/02/12/us-drone-war-afghanistan-list-american-air-strikes-2015/#22,
AFG034,27/05/2015,Want Waigal,Nuristan,5,5,0,0,0,0,0,0,http://www.thebureauinvestigates.com/2015/02/12/us-drone-war-afghanistan-list-american-air-strikes-2015/#23,
AFG035,28/05/2015,Watapor,Kunar,1,1,0,0,0,0,0,0,http://www.thebureauinvestigates.com/2015/02/12/us-drone-war-afghanistan-list-american-air-strikes-2015/#24,
AFG036,31/05/2015,Baraki Barak,Logar,2,3,0,3,0,2,0,0,http://www.thebureauinvestigates.com/2015/02/12/us-drone-war-afghanistan-list-american-air-strikes-2015/#130,
AFG037,03/06/2015,Shigal,Kunar,3,6,0,0,0,0,0,0,http://www.thebureauinvestigates.com/2015/02/12/us-drone-war-afghanistan-list-american-air-strikes-2015/#25,
AFG038,04/06/2015,Achin,Nangarhar,1,1,0,0,0,0,0,0,http://www.thebureauinvestigates.com/2015/02/12/us-drone-war-afghanistan-list-american-air-strikes-2015/#26,
AFG039,04/06/2015,Chapahar,Nangarhar,6,6,0,1,0,0,0,0,http://www.thebureauinvestigates.com/2015/02/12/us-drone-war-afghanistan-list-american-air-strikes-2015/#27,
AFG040,04/06/2015,Chapahar,Nangarhar,11,11,0,0,0,0,0,0,http://www.thebureauinvestigates.com/2015/02/12/us-drone-war-afghanistan-list-american-air-strikes-2015/#28,
AFG041,05/06/2015,Tere Zayi,Khost,14,14,14,14,0,0,0,0,http://www.thebureauinvestigates.com/2015/02/12/us-drone-war-afghanistan-list-american-air-strikes-2015/#29,
AFG042,07/06/2015,Chapa Dara,Kunar,1,1,0,0,0,0,0,0,http://www.thebureauinvestigates.com/2015/02/12/us-drone-war-afghanistan-list-american-air-strikes-2015/#30,
AFG043,08/06/2015,Lal Pura,Nangarhar,7,7,0,5,0,5,0,0,http://www.thebureauinvestigates.com/2015/02/12/us-drone-war-afghanistan-list-american-air-strikes-2015/#31,
AFG044,08/06/2015,Lal Pura,Nangarhar,3,3,0,0,0,0,0,0,http://www.thebureauinvestigates.com/2015/02/12/us-drone-war-afghanistan-list-american-air-strikes-2015/#32,
AFG045,11/06/2015,Khushamand,Paktika,30,30,0,0,0,0,0,0,http://www.thebureauinvestigates.com/2015/02/12/us-drone-war-afghanistan-list-american-air-strikes-2015/#33,
AFG046,11/06/2015,Yousufkhil,Paktika,2,2,0,0,0,0,0,0,http://www.thebureauinvestigates.com/2015/02/12/us-drone-war-afghanistan-list-american-air-strikes-2015/#34,
AFG047,14/06/2015,Dangam,Kunar,7,15,0,5,0,5,0,0,http://www.thebureauinvestigates.com/2015/02/12/us-drone-war-afghanistan-list-american-air-strikes-2015/#35,
AFG048,15/06/2015,Chak e Wardak,Wardak,2,2,2,2,0,0,0,0,http://www.thebureauinvestigates.com/2015/02/12/us-drone-war-afghanistan-list-american-air-strikes-2015/#131,
AFG049,18/06/2015,Chazi Abad,Kunar,0,0,0,0,0,0,0,0,http://www.thebureauinvestigates.com/2015/02/12/us-drone-war-afghanistan-list-american-air-strikes-2015/#132,
AFG050,19/06/2015,Mohmand Dara,Nangarhar,8,8,0,0,0,0,0,0,http://www.thebureauinvestigates.com/2015/02/12/us-drone-war-afghanistan-list-american-air-strikes-2015/#36,
AFG051,19/06/2015,Haska Meena,Nangarhar,4,7,0,0,0,0,0,0,http://www.thebureauinvestigates.com/2015/02/12/us-drone-war-afghanistan-list-american-air-strikes-2015/#37,
AFG052,20/06/2015,Kanish,Nuristan,4,9,0,0,0,0,0,0,http://www.thebureauinvestigates.com/2015/02/12/us-drone-war-afghanistan-list-american-air-strikes-2015/#39,
AFG053,21/06/2015,Bati Kot,Nangarhar,6,7,0,0,0,0,0,0,http://www.thebureauinvestigates.com/2015/02/12/us-drone-war-afghanistan-list-american-air-strikes-2015/#38,
AFG054,26/06/2015,Unknown,Nuristan,6,6,0,0,0,0,0,0,http://www.thebureauinvestigates.com/2015/02/12/us-drone-war-afghanistan-list-american-air-strikes-2015/#40,
AFG055,27/06/2015,Unknown,Paktika,1,1,0,0,0,0,0,0,http://www.thebureauinvestigates.com/2015/02/12/us-drone-war-afghanistan-list-american-air-strikes-2015/#41,
AFG056,27/06/2015,Want Waigal,Nuristan,5,5,0,0,0,0,3,3,http://www.thebureauinvestigates.com/2015/02/12/us-drone-war-afghanistan-list-american-air-strikes-2015/#42,
AFG057,30/06/2015,Lal Pura,Nangarhar,4,14,0,0,0,0,12,12,http://www.thebureauinvestigates.com/2015/02/12/us-drone-war-afghanistan-list-american-air-strikes-2015/#43,
AFG058,04/07/2015,Ghanikhel,Nangarhar,12,12,0,0,0,0,0,0,http://www.thebureauinvestigates.com/2015/02/12/us-drone-war-afghanistan-list-american-air-strikes-2015/#44,
AFG059,04/07/2015,Chappa Dara,Kunar,1,1,0,0,0,0,0,0,http://www.thebureauinvestigates.com/2015/02/12/us-drone-war-afghanistan-list-american-air-strikes-2015/#45,
AFG060,04/07/2015,Dara I Pech,Nangarhar,0,0,0,0,0,0,0,0,http://www.thebureauinvestigates.com/2015/02/12/us-drone-war-afghanistan-list-american-air-strikes-2015/#173,
AFG061,05/07/2015,Chaparhar,Nangarhar,3,3,0,0,0,0,0,0,http://www.thebureauinvestigates.com/2015/02/12/us-drone-war-afghanistan-list-american-air-strikes-2015/#46,
AFG062,06/07/2015,Achin,Nangarhar,12,12,0,0,0,0,0,0,http://www.thebureauinvestigates.com/2015/02/12/us-drone-war-afghanistan-list-american-air-strikes-2015/#47,
AFG063,06/07/2015,Achin,Nangarhar,13,37,0,0,0,0,0,0,http://www.thebureauinvestigates.com/2015/02/12/us-drone-war-afghanistan-list-american-air-strikes-2015/#48,
AFG064,07/07/2015,Achin,Nangarhar,11,49,0,0,0,0,0,4,http://www.thebureauinvestigates.com/2015/02/12/us-drone-war-afghanistan-list-american-air-strikes-2015/#49,
AFG065,07/07/2015,Achin,Nangarhar,18,18,0,0,0,0,0,0,http://www.thebureauinvestigates.com/2015/02/12/us-drone-war-afghanistan-list-american-air-strikes-2015/#50,
AFG066,07/07/2015,Haska Meena,Nangarhar,25,25,0,0,0,0,0,0,http://www.thebureauinvestigates.com/2015/02/12/us-drone-war-afghanistan-list-american-air-strikes-2015/#51,
AFG067,07/07/2015,Bati Kot,Nangarhar,4,4,0,0,0,0,2,2,http://www.thebureauinvestigates.com/2015/02/12/us-drone-war-afghanistan-list-american-air-strikes-2015/#52,
AFG068,08/07/2015,Dih Bala,Nangarhar,25,52,0,0,0,0,0,0,http://www.thebureauinvestigates.com/2015/02/12/us-drone-war-afghanistan-list-american-air-strikes-2015/#53,
AFG069,10/07/2015,Achin,Nangarhar,30,31,0,0,0,0,0,0,http://www.thebureauinvestigates.com/2015/02/12/us-drone-war-afghanistan-list-american-air-strikes-2015/#54,
AFG070,11/07/2015,Bermal,Paktika,3,3,0,0,0,0,0,0,http://www.thebureauinvestigates.com/2015/02/12/us-drone-war-afghanistan-list-american-air-strikes-2015/#60,
AFG071,12/07/2015,Achin,Nangarhar,12,12,0,0,0,0,0,0,http://www.thebureauinvestigates.com/2015/02/12/us-drone-war-afghanistan-list-american-air-strikes-2015/#56,
AFG072,14/07/2015,Haska Mina,Nangarhar,28,28,0,0,0,0,0,0,http://www.thebureauinvestigates.com/2015/02/12/us-drone-war-afghanistan-list-american-air-strikes-2015/#55,
AFG073,16/07/2015,Tor Khail,Wardak,8,16,0,0,0,0,0,0,http://www.thebureauinvestigates.com/2015/02/12/us-drone-war-afghanistan-list-american-air-strikes-2015/#57,
AFG074,16/07/2015,Haska Mina,Nangarhar,6,6,0,0,0,0,0,0,http://www.thebureauinvestigates.com/2015/02/12/us-drone-war-afghanistan-list-american-air-strikes-2015/#58,
AFG075,20/07/2015,Baraki Barak,Logar,7,10,0,0,0,0,5,6,http://www.thebureauinvestigates.com/2015/02/12/us-drone-war-afghanistan-list-american-air-strikes-2015/#59,
AFG076,26/07/2015,Lal Pura,Nangarhar,5,6,0,0,0,0,0,0,http://www.thebureauinvestigates.com/2015/02/12/us-drone-war-afghanistan-list-american-air-strikes-2015/#61,
AFG077,29/07/2015,Haska Mina and Pachiragam,Nangarhar,12,20,0,0,0,0,0,0,http://www.thebureauinvestigates.com/2015/02/12/us-drone-war-afghanistan-list-american-air-strikes-2015/#62,
AFG078,02/08/2015,Baraki Barak,Logar,4,4,0,0,0,0,0,0,http://www.thebureauinvestigates.com/2015/02/12/us-drone-war-afghanistan-list-american-air-strikes-2015/#63,
AFG079,04/08/2015,"Sherzad, Haska Mina and Deh Bala",Nangarhar and Paktika,56,66,0,0,0,0,0,0,http://www.thebureauinvestigates.com/2015/02/12/us-drone-war-afghanistan-list-american-air-strikes-2015/#64,
AFG080,08/08/2015,Haska Mina,Nangarhar,10,10,0,0,0,0,0,0,http://www.thebureauinvestigates.com/2015/02/12/us-drone-war-afghanistan-list-american-air-strikes-2015/#65,
AFG081,09/08/2015,Nazyan,Nangarhar,2,6,0,0,0,0,0,0,http://www.thebureauinvestigates.com/2015/02/12/us-drone-war-afghanistan-list-american-air-strikes-2015/#66,
AFG082,10/08/2015,Shegal,Kunar,3,3,0,0,0,0,0,0,http://www.thebureauinvestigates.com/2015/02/12/us-drone-war-afghanistan-list-american-air-strikes-2015/#67,
AFG083,17/08/2015,Day Mirdad,Wardak,4,5,0,0,0,0,0,0,http://www.thebureauinvestigates.com/2015/02/12/us-drone-war-afghanistan-list-american-air-strikes-2015/#68,
AFG084,17/08/2015,Chak,Wardak,2,3,0,0,0,0,0,0,http://www.thebureauinvestigates.com/2015/02/12/us-drone-war-afghanistan-list-american-air-strikes-2015/#69,
AFG085,23/08/2015,Musa Qala,Helmand,40,40,0,0,0,0,0,0,http://www.thebureauinvestigates.com/2015/02/12/us-drone-war-afghanistan-list-american-air-strikes-2015/#70,
AFG086,26/08/2015,Shirzad,Nangarhar,4,4,0,0,0,0,0,0,http://www.thebureauinvestigates.com/2015/02/12/us-drone-war-afghanistan-list-american-air-strikes-2015/#72,
AFG087,27/08/2015,Musa Qala,Helmand,0,0,0,0,0,0,0,0,http://www.thebureauinvestigates.com/2015/02/12/us-drone-war-afghanistan-list-american-air-strikes-2015/#175,
AFG088,30/08/2015,Musa Qala,Helmand,0,0,0,0,0,0,0,0,http://www.thebureauinvestigates.com/2015/02/12/us-drone-war-afghanistan-list-american-air-strikes-2015/#73,
AFG089,31/08/2015,Nahr e Saraj,Helmand,2,2,2,2,0,0,0,0,http://www.thebureauinvestigates.com/2015/02/12/us-drone-war-afghanistan-list-american-air-strikes-2015/#133,
AFG090,01/09/2015,Musa Qala,Helmand,0,0,0,0,0,0,0,0,http://www.thebureauinvestigates.com/2015/02/12/us-drone-war-afghanistan-list-american-air-strikes-2015/#83,
AFG091,06/09/2015,Garamser,Helmand,11,31,0,0,0,0,4,4,http://www.thebureauinvestigates.com/2015/02/12/us-drone-war-afghanistan-list-american-air-strikes-2015/#74,
AFG092,06/09/2015,Maiwand,Kandahar,0,0,0,0,0,0,0,0,http://www.thebureauinvestigates.com/2015/02/12/us-drone-war-afghanistan-list-american-air-strikes-2015/#75,
AFG093,08/09/2015,Ghazi Abad,Kunar,2,2,0,0,0,0,0,0,http://www.thebureauinvestigates.com/2015/02/12/us-drone-war-afghanistan-list-american-air-strikes-2015/#76,
AFG094,10/09/2015,Gomal,Paktika,5,15,0,0,0,0,0,0,http://www.thebureauinvestigates.com/2015/02/12/us-drone-war-afghanistan-list-american-air-strikes-2015/#85,
AFG095,13/09/2015,Lal Pura,Nangarhar,4,5,0,0,0,0,2,2,http://www.thebureauinvestigates.com/2015/02/12/us-drone-war-afghanistan-list-american-air-strikes-2015/#84,
AFG096,17/09/2015,Nazyan,Nangarhar,5,5,0,0,0,0,0,0,http://www.thebureauinvestigates.com/2015/02/12/us-drone-war-afghanistan-list-american-air-strikes-2015/#86,
AFG097,29/09/2015,Kunduz city,Kunduz,0,0,0,0,0,0,0,0,http://www.thebureauinvestigates.com/2015/02/12/us-drone-war-afghanistan-list-american-air-strikes-2015/#87,
AFG098,29/09/2015,Kunduz city,Kunduz,0,0,0,0,0,0,0,0,http://www.thebureauinvestigates.com/2015/02/12/us-drone-war-afghanistan-list-american-air-strikes-2015/#88,
AFG099,30/09/2015,Kunduz city,Kunduz,0,24,0,0,0,0,0,0,http://www.thebureauinvestigates.com/2015/02/12/us-drone-war-afghanistan-list-american-air-strikes-2015/#89,
AFG100,30/09/2015,Kunduz city,Kunduz,0,0,0,0,0,0,0,0,http://www.thebureauinvestigates.com/2015/02/12/us-drone-war-afghanistan-list-american-air-strikes-2015/#90,
AFG101,30/09/2015,Kunduz city,Kunduz,0,0,0,0,0,0,0,0,http://www.thebureauinvestigates.com/2015/02/12/us-drone-war-afghanistan-list-american-air-strikes-2015/#91,
AFG102,30/09/2015,Kunduz city,Kunduz,3,3,0,0,0,0,0,0,http://www.thebureauinvestigates.com/2015/02/12/us-drone-war-afghanistan-list-american-air-strikes-2015/#92,
AFG103,02/10/2015,Kunduz city,Kunduz,0,0,0,0,0,0,0,0,http://www.thebureauinvestigates.com/2015/02/12/us-drone-war-afghanistan-list-american-air-strikes-2015/#93,
AFG104,02/10/2015,Kunduz city,Kunduz,0,0,0,0,0,0,0,0,http://www.thebureauinvestigates.com/2015/02/12/us-drone-war-afghanistan-list-american-air-strikes-2015/#94,
AFG105,03/10/2015,Kunduz city,Kunduz,42,42,42,42,3,3,27,27,http://www.thebureauinvestigates.com/2015/02/12/us-drone-war-afghanistan-list-american-air-strikes-2015/#95,
AFG106,05/10/2015,Kunduz city,Kunduz,0,0,0,0,0,0,0,0,http://www.thebureauinvestigates.com/2015/02/12/us-drone-war-afghanistan-list-american-air-strikes-2015/#96,
AFG107,11/10/2015,Shurabak,Kandahar,100,200,0,0,0,0,50,50,http://www.thebureauinvestigates.com/2015/02/12/us-drone-war-afghanistan-list-american-air-strikes-2015/#97,
AFG108,13/10/2015,Unknown,Nangarhar,6,6,0,0,0,0,0,0,http://www.thebureauinvestigates.com/2015/02/12/us-drone-war-afghanistan-list-american-air-strikes-2015/#98,
AFG109,19/10/2015,Kharwar,Logar,0,20,0,0,0,0,0,0,http://www.thebureauinvestigates.com/2015/02/12/us-drone-war-afghanistan-list-american-air-strikes-2015/#99,
AFG110,23/10/2015,Nazyan,Nangarhar,6,6,0,0,0,0,3,3,http://www.thebureauinvestigates.com/2015/02/12/us-drone-war-afghanistan-list-american-air-strikes-2015/#100,
AFG111,23/10/2015,Achin,Nangarhar,8,10,0,0,0,0,0,0,http://www.thebureauinvestigates.com/2015/02/12/us-drone-war-afghanistan-list-american-air-strikes-2015/#101,
AFG112,23/10/2015,Achin,Nangarhar,3,3,0,0,0,0,0,0,http://www.thebureauinvestigates.com/2015/02/12/us-drone-war-afghanistan-list-american-air-strikes-2015/#102,
AFG113,23/10/2015,Achin,Nangarhar,10,10,0,0,0,0,0,0,http://www.thebureauinvestigates.com/2015/02/12/us-drone-war-afghanistan-list-american-air-strikes-2015/#103,
AFG114,27/10/2015,Achin,Nangarhar,11,12,0,1,0,0,0,0,http://www.thebureauinvestigates.com/2015/02/12/us-drone-war-afghanistan-list-american-air-strikes-2015/#104,
AFG115,29/10/2015,Nazyan,Nangarhar,3,4,0,0,0,0,0,0,http://www.thebureauinvestigates.com/2015/02/12/us-drone-war-afghanistan-list-american-air-strikes-2015/#105,
AFG116,29/10/2015,Ghazi Abad,Kunar,3,3,0,0,0,0,0,0,http://www.thebureauinvestigates.com/2015/02/12/us-drone-war-afghanistan-list-american-air-strikes-2015/#106,
AFG117,29/10/2015,Lal Pura,Kunar,4,4,0,0,0,0,2,2,http://www.thebureauinvestigates.com/2015/02/12/us-drone-war-afghanistan-list-american-air-strikes-2015/#107,
AFG118,31/10/2015,Shigal,Kunar,2,2,0,0,0,0,0,0,http://www.thebureauinvestigates.com/2015/02/12/us-drone-war-afghanistan-list-american-air-strikes-2015/#108,
AFG119,04/11/2015,Achin,Nangarhar,0,29,0,0,0,0,0,0,http://www.thebureauinvestigates.com/2015/02/12/us-drone-war-afghanistan-list-american-air-strikes-2015/#109,
AFG120,08/11/2015,Ghanikhil,Nangarhar,3,3,0,0,0,0,1,1,http://www.thebureauinvestigates.com/2015/02/12/us-drone-war-afghanistan-list-american-air-strikes-2015/#110,
AFG121,14/11/2015,Khogyani,Nangarhar,12,13,0,0,0,0,0,0,http://www.thebureauinvestigates.com/2015/02/12/us-drone-war-afghanistan-list-american-air-strikes-2015/#111,
AFG122,17/11/2015,Behsood,Nangarhar,8,8,0,0,0,0,0,0,http://www.thebureauinvestigates.com/2015/02/12/us-drone-war-afghanistan-list-american-air-strikes-2015/#112,
AFG123,18/11/2015,Babrak Thana,Khost,21,50,0,0,0,0,0,0,http://www.thebureauinvestigates.com/2015/02/12/us-drone-war-afghanistan-list-american-air-strikes-2015/#113,
AFG124,24/11/2015,Mohmand Dara,Nangarhar,2,2,0,0,0,0,0,0,http://www.thebureauinvestigates.com/2015/02/12/us-drone-war-afghanistan-list-american-air-strikes-2015/#114,
AFG125,24/11/2015,Behsood,Nangarhar,8,8,0,0,0,0,0,0,http://www.thebureauinvestigates.com/2015/02/12/us-drone-war-afghanistan-list-american-air-strikes-2015/#115,
AFG126,25/11/2015,Tere Zayi,Khost,10,16,0,0,0,0,20,20,http://www.thebureauinvestigates.com/2015/02/12/us-drone-war-afghanistan-list-american-air-strikes-2015/#116,
AFG127,03/12/2015,Chapa Dara,Kunar,3,3,0,0,0,0,0,0,http://www.thebureauinvestigates.com/2015/02/12/us-drone-war-afghanistan-list-american-air-strikes-2015/#117,
AFG128,08/12/2015,Khogyani,Nangarhar,11,11,0,0,0,0,0,0,http://www.thebureauinvestigates.com/2015/02/12/us-drone-war-afghanistan-list-american-air-strikes-2015/#118,
AFG129,13/12/2015,"Marja, Sangin and Babaji",Helmand,0,0,0,0,0,0,0,0,http://www.thebureauinvestigates.com/2015/02/12/us-drone-war-afghanistan-list-american-air-strikes-2015/#119,
AFG130,15/12/2015,Deh Yak,Ghazni,9,9,0,0,0,0,0,0,http://www.thebureauinvestigates.com/2015/02/12/us-drone-war-afghanistan-list-american-air-strikes-2015/#134,
AFG131,19/12/2015,Bati Kot,Nangarhar,3,3,0,0,0,0,2,2,http://www.thebureauinvestigates.com/2015/02/12/us-drone-war-afghanistan-list-american-air-strikes-2015/#135,
AFG132,22/12/2015,Ghani Khel,Nangarhar,3,3,0,0,0,0,0,0,http://www.thebureauinvestigates.com/2015/02/12/us-drone-war-afghanistan-list-american-air-strikes-2015/#136,
AFG133,23/12/2015,Sangin,Helmand,0,0,0,0,0,0,0,0,http://www.thebureauinvestigates.com/2015/02/12/us-drone-war-afghanistan-list-american-air-strikes-2015/#137,
AFG134,23/12/2015,Ghanikhel,Nangarhar,3,3,0,0,0,0,0,0,http://www.thebureauinvestigates.com/2015/02/12/us-drone-war-afghanistan-list-american-air-strikes-2015/#138,
AFG135,29/12/2015,Alishang,Laghman,2,2,0,0,0,0,0,0,http://www.thebureauinvestigates.com/2015/02/12/us-drone-war-afghanistan-list-american-air-strikes-2015/#139,
AFG136,02/01/2016,Shegal,Kunar,5,5,0,0,0,0,2,2,https://www.thebureauinvestigates.com/2016/01/07/get-the-data-a-list-of-us-air-and-drone-strikes-afghanistan-2016/#140,https://www.thebureauinvestigates.com/2016/01/07/get-the-data-a-list-of-us-air-and-drone-strikes-afghanistan-2016/#
AFG137,06/01/2016,Majah,Helmand,0,0,0,0,0,0,0,0,https://www.thebureauinvestigates.com/2016/01/07/get-the-data-a-list-of-us-air-and-drone-strikes-afghanistan-2016/#141,
AFG138,08/01/2016,Achin,Nangarhar,17,20,0,0,0,0,2,2,https://www.thebureauinvestigates.com/2016/01/07/get-the-data-a-list-of-us-air-and-drone-strikes-afghanistan-2016/#142,
AFG139,08/01/2016,Kharkhez,Kandahar,0,0,0,0,0,0,0,0,https://www.thebureauinvestigates.com/2016/01/07/get-the-data-a-list-of-us-air-and-drone-strikes-afghanistan-2016/#143,
AFG140,08/01/2016,Bermal,Paktika,0,0,0,0,0,0,0,0,https://www.thebureauinvestigates.com/2016/01/07/get-the-data-a-list-of-us-air-and-drone-strikes-afghanistan-2016/#144,
AFG141,09/01/2016,Achin,Nangarhar,20,20,0,0,0,0,2,2,https://www.thebureauinvestigates.com/2016/01/07/get-the-data-a-list-of-us-air-and-drone-strikes-afghanistan-2016/#145,
AFG142,09/01/2016,Shegal,Kunar,10,10,1,1,1,1,0,0,https://www.thebureauinvestigates.com/2016/01/07/get-the-data-a-list-of-us-air-and-drone-strikes-afghanistan-2016/#146,
AFG143,10/01/2016,Bermal,Paktika,0,0,0,0,0,0,0,0,https://www.thebureauinvestigates.com/2016/01/07/get-the-data-a-list-of-us-air-and-drone-strikes-afghanistan-2016/#147,
AFG144,10/01/2016,Bermal,Paktika,0,0,0,0,0,0,0,0,https://www.thebureauinvestigates.com/2016/01/07/get-the-data-a-list-of-us-air-and-drone-strikes-afghanistan-2016/#148,
AFG145,14/01/2016,Achin,Nangarhar,12,12,0,0,0,0,0,0,https://www.thebureauinvestigates.com/2016/01/07/get-the-data-a-list-of-us-air-and-drone-strikes-afghanistan-2016/#149,
AFG146,16/01/2016,Deh Bala,Nangarhar,17,17,0,0,0,0,0,0,https://www.thebureauinvestigates.com/2016/01/07/get-the-data-a-list-of-us-air-and-drone-strikes-afghanistan-2016/#150,
AFG147,16/01/2016,Haska Mena,Nangarhar,22,22,0,0,0,0,0,0,https://www.thebureauinvestigates.com/2016/01/07/get-the-data-a-list-of-us-air-and-drone-strikes-afghanistan-2016/#151,
AFG148,19/01/2016,Achin,Nangarhar,5,5,0,0,0,0,0,0,https://www.thebureauinvestigates.com/2016/01/07/get-the-data-a-list-of-us-air-and-drone-strikes-afghanistan-2016/#152,
AFG149,19/01/2016,Achin,Nangarhar,5,5,0,0,0,0,0,0,https://www.thebureauinvestigates.com/2016/01/07/get-the-data-a-list-of-us-air-and-drone-strikes-afghanistan-2016/#153,
AFG150,22/01/2016,Arghandab,Zabul,3,3,0,0,0,0,0,0,https://www.thebureauinvestigates.com/2016/01/07/get-the-data-a-list-of-us-air-and-drone-strikes-afghanistan-2016/#154,
AFG151,22/01/2016,Unknown,Nangarhar,2,2,0,0,0,0,0,0,https://www.thebureauinvestigates.com/2016/01/07/get-the-data-a-list-of-us-air-and-drone-strikes-afghanistan-2016/#155,
AFG152,22/01/2016,Achin,Nangarhar,3,3,0,0,0,0,0,0,https://www.thebureauinvestigates.com/2016/01/07/get-the-data-a-list-of-us-air-and-drone-strikes-afghanistan-2016/#156,
AFG153,22/01/2016,Haska Mena,Nangarhar,10,10,0,0,0,0,0,0,https://www.thebureauinvestigates.com/2016/01/07/get-the-data-a-list-of-us-air-and-drone-strikes-afghanistan-2016/#157,
AFG154,23/01/2016,Achin,Nangarhar,3,3,0,0,0,0,0,0,https://www.thebureauinvestigates.com/2016/01/07/get-the-data-a-list-of-us-air-and-drone-strikes-afghanistan-2016/#158,
AFG155,23/01/2016,Achin,Nangarhar,6,6,0,0,0,0,0,0,https://www.thebureauinvestigates.com/2016/01/07/get-the-data-a-list-of-us-air-and-drone-strikes-afghanistan-2016/#159,
AFG156,24/01/2016,Deh Bala,Nangarhar,13,13,0,0,0,0,0,0,https://www.thebureauinvestigates.com/2016/01/07/get-the-data-a-list-of-us-air-and-drone-strikes-afghanistan-2016/#160,
AFG157,24/01/2016,Achin,Nangarhar,4,4,0,0,0,0,0,0,https://www.thebureauinvestigates.com/2016/01/07/get-the-data-a-list-of-us-air-and-drone-strikes-afghanistan-2016/#161,
AFG158,25/01/2016,Achin,Nangarhar,5,5,0,0,0,0,0,0,https://www.thebureauinvestigates.com/2016/01/07/get-the-data-a-list-of-us-air-and-drone-strikes-afghanistan-2016/#162,
AFG159,01/02/2016,Achin,Nangarhar,21,29,0,0,0,0,0,0,https://www.thebureauinvestigates.com/2016/01/07/get-the-data-a-list-of-us-air-and-drone-strikes-afghanistan-2016/#163,
AFG160,01/02/2016,Bermal or Gomal,Paktika,19,19,0,0,0,0,0,0,https://www.thebureauinvestigates.com/2016/01/07/get-the-data-a-list-of-us-air-and-drone-strikes-afghanistan-2016/#164,
AFG161,02/02/2016,Achin,Nangarhar,3,4,0,0,0,0,0,0,https://www.thebureauinvestigates.com/2016/01/07/get-the-data-a-list-of-us-air-and-drone-strikes-afghanistan-2016/#165,
AFG162,04/02/2016,Bermal,Paktika,10,15,0,0,0,0,0,0,https://www.thebureauinvestigates.com/2016/01/07/get-the-data-a-list-of-us-air-and-drone-strikes-afghanistan-2016/#166,
AFG163,04/02/2016,Shegal,Kunar,3,3,0,0,0,0,0,0,https://www.thebureauinvestigates.com/2016/01/07/get-the-data-a-list-of-us-air-and-drone-strikes-afghanistan-2016/#167,
AFG164,05/02/2016,Achin,Nangarhar,16,16,0,0,0,0,0,0,https://www.thebureauinvestigates.com/2016/01/07/get-the-data-a-list-of-us-air-and-drone-strikes-afghanistan-2016/#168,
AFG165,08/02/2016,Achin,Nangarhar,11,11,0,0,0,0,2,2,https://www.thebureauinvestigates.com/2016/01/07/get-the-data-a-list-of-us-air-and-drone-strikes-afghanistan-2016/#169,
AFG166,08/02/2016,Nad Ali and Greshk,Helmand,15,15,0,0,0,0,10,10,https://www.thebureauinvestigates.com/2016/01/07/get-the-data-a-list-of-us-air-and-drone-strikes-afghanistan-2016/#170,
AFG167,11/02/2016,Gomal,Paktika,13,18,0,0,0,0,0,0,https://www.thebureauinvestigates.com/2016/01/07/get-the-data-a-list-of-us-air-and-drone-strikes-afghanistan-2016/#175,
AFG168,15/02/2016,Nazyan,Nangarhar,15,15,0,0,0,0,0,0,https://www.thebureauinvestigates.com/2016/01/07/get-the-data-a-list-of-us-air-and-drone-strikes-afghanistan-2016/#179,
AFG169,17/02/2016,Gomal,Paktika,6,6,0,0,0,0,0,0,https://www.thebureauinvestigates.com/2016/01/07/get-the-data-a-list-of-us-air-and-drone-strikes-afghanistan-2016/#176,
AFG170,18/02/2016,Gomal,Paktika,6,6,0,0,0,0,0,0,https://www.thebureauinvestigates.com/2016/01/07/get-the-data-a-list-of-us-air-and-drone-strikes-afghanistan-2016/#177,
AFG171,22/02/2016,Achin,Nangarhar,22,25,0,0,0,0,0,0,https://www.thebureauinvestigates.com/2016/01/07/get-the-data-a-list-of-us-air-and-drone-strikes-afghanistan-2016/#171,
AFG172,22/02/2016,Pul-e-Khumri,Baghlan,0,0,0,0,0,0,0,0,https://www.thebureauinvestigates.com/2016/01/07/get-the-data-a-list-of-us-air-and-drone-strikes-afghanistan-2016/#172,
AFG173,26/02/2016,Gomal,Paktika,3,3,0,0,0,0,0,0,https://www.thebureauinvestigates.com/2016/01/07/get-the-data-a-list-of-us-air-and-drone-strikes-afghanistan-2016/#173,
AFG174,28/02/2016,Achin,Nangarhar,7,9,0,0,0,0,0,0,https://www.thebureauinvestigates.com/2016/01/07/get-the-data-a-list-of-us-air-and-drone-strikes-afghanistan-2016/#174,
AFG175,05/03/2016,Achin,Nangarhar,15,15,0,0,0,0,0,0,https://www.thebureauinvestigates.com/2016/01/07/get-the-data-a-list-of-us-air-and-drone-strikes-afghanistan-2016/#178,
AFG176,21/03/2016,Kot,Nangarhar,8,8,0,0,0,0,0,0,https://www.thebureauinvestigates.com/2016/01/07/get-the-data-a-list-of-us-air-and-drone-strikes-afghanistan-2016/#180,
AFG177,22/03/2016,Kot,Nangarhar,2,8,0,0,0,0,0,0,https://www.thebureauinvestigates.com/2016/01/07/get-the-data-a-list-of-us-air-and-drone-strikes-afghanistan-2016/#181,
AFG178,22/03/2016,Kot,Nangarhar,5,5,0,0,0,0,0,0,https://www.thebureauinvestigates.com/2016/01/07/get-the-data-a-list-of-us-air-and-drone-strikes-afghanistan-2016/#182,
AFG179,26/03/2016,Achin or Mamand Dara,Nangarhar,11,11,0,0,0,0,0,0,https://www.thebureauinvestigates.com/2016/01/07/get-the-data-a-list-of-us-air-and-drone-strikes-afghanistan-2016/#183,
AFG180,05/04/2016,Kot,Nangarhar,6,6,0,0,0,0,0,0,https://www.thebureauinvestigates.com/2016/01/07/get-the-data-a-list-of-us-air-and-drone-strikes-afghanistan-2016/#184,
AFG181,07/04/2016,Achin,Nangarhar,4,4,0,0,0,0,0,0,https://www.thebureauinvestigates.com/2016/01/07/get-the-data-a-list-of-us-air-and-drone-strikes-afghanistan-2016/#185,
AFG182,07/04/2016,Dehrawood,Nangarhar,3,3,0,0,0,0,0,0,https://www.thebureauinvestigates.com/2016/01/07/get-the-data-a-list-of-us-air-and-drone-strikes-afghanistan-2016/#186,
AFG183,07/04/2016,Gomal,Paktika,14,21,14,21,0,0,0,0,https://www.thebureauinvestigates.com/2016/01/07/get-the-data-a-list-of-us-air-and-drone-strikes-afghanistan-2016/#187,
AFG184,14/04/2016,Achin,Nangarhar,0,0,0,0,0,0,0,0,https://www.thebureauinvestigates.com/2016/01/07/get-the-data-a-list-of-us-air-and-drone-strikes-afghanistan-2016/#190,
AFG185,19/04/2016,Achin,Nangarhar,5,5,0,0,0,0,0,0,https://www.thebureauinvestigates.com/2016/01/07/get-the-data-a-list-of-us-air-and-drone-strikes-afghanistan-2016/#191,
AFG186,20/04/2016,Achin,Nangarhar,4,4,0,0,0,0,0,0,https://www.thebureauinvestigates.com/2016/01/07/get-the-data-a-list-of-us-air-and-drone-strikes-afghanistan-2016/#192,
AFG187,28/04/2016,Haska Mena,Nangarhar,15,15,0,0,0,0,0,0,https://www.thebureauinvestigates.com/2016/01/07/get-the-data-a-list-of-us-air-and-drone-strikes-afghanistan-2016/#193,
AFG188,30/04/2016,Chaparhar and Haska Mina,Nangarhar,38,38,0,0,0,0,0,0,https://www.thebureauinvestigates.com/2016/01/07/get-the-data-a-list-of-us-air-and-drone-strikes-afghanistan-2016/#194,
AFG189,07/05/2016,Khanashin,Helmand,0,1,0,0,0,0,2,3,https://www.thebureauinvestigates.com/2016/01/07/get-the-data-a-list-of-us-air-and-drone-strikes-afghanistan-2016/#196,
AFG190,09/05/2016,Chahar Dara,Kunduz,12,12,0,0,0,0,0,0,https://www.thebureauinvestigates.com/2016/01/07/get-the-data-a-list-of-us-air-and-drone-strikes-afghanistan-2016/#195,
AFG191,12/05/2016,Pacheragam,Nangarhar,1,1,0,0,0,0,1,1,https://www.thebureauinvestigates.com/2016/01/07/get-the-data-a-list-of-us-air-and-drone-strikes-afghanistan-2016/#202,
AFG192,16/05/2016,Watapor,Kunar,3,3,0,0,0,0,0,0,https://www.thebureauinvestigates.com/2016/01/07/get-the-data-a-list-of-us-air-and-drone-strikes-afghanistan-2016/#197,
AFG193,17/05/2016,Shahjoy,Zabul,5,5,0,0,0,0,0,0,https://www.thebureauinvestigates.com/2016/01/07/get-the-data-a-list-of-us-air-and-drone-strikes-afghanistan-2016/#199,
AFG194,18/05/2016,Ab Band,Ghazni,1,1,0,0,0,0,0,0,https://www.thebureauinvestigates.com/2016/01/07/get-the-data-a-list-of-us-air-and-drone-strikes-afghanistan-2016/#201,
AFG195,22/05/2016,Kunduz city,Kunduz,13,13,0,0,0,0,0,0,https://www.thebureauinvestigates.com/2016/01/07/get-the-data-a-list-of-us-air-and-drone-strikes-afghanistan-2016/#203,
AFG196,22/05/2016,Achin,Nangarhar,9,9,0,0,0,0,0,0,https://www.thebureauinvestigates.com/2016/01/07/get-the-data-a-list-of-us-air-and-drone-strikes-afghanistan-2016/#204,
AFG197,26/05/2016,Achin,Nangarhar,6,6,0,0,0,0,0,0,https://www.thebureauinvestigates.com/2016/01/07/get-the-data-a-list-of-us-air-and-drone-strikes-afghanistan-2016/#205,
AFG198,26/05/2016,Wazir,Nangarhar,4,4,0,0,0,0,0,0,https://www.thebureauinvestigates.com/2016/01/07/get-the-data-a-list-of-us-air-and-drone-strikes-afghanistan-2016/#206,
AFG199,26/05/2016,Kot,Nangarhar,2,2,0,0,0,0,0,0,https://www.thebureauinvestigates.com/2016/01/07/get-the-data-a-list-of-us-air-and-drone-strikes-afghanistan-2016/#207,
AFG200,26/05/2016,Unknown,Kandahar,7,7,0,0,0,0,2,2,https://www.thebureauinvestigates.com/2016/01/07/get-the-data-a-list-of-us-air-and-drone-strikes-afghanistan-2016/#220,
AFG201,29/05/2016,Haska Mena,Nangarhar,6,6,0,0,0,0,0,0,https://www.thebureauinvestigates.com/2016/01/07/get-the-data-a-list-of-us-air-and-drone-strikes-afghanistan-2016/#208,
AFG202,29/05/2016,Shaha Wali Kot,Kandahar,17,22,0,0,0,0,0,0,https://www.thebureauinvestigates.com/2016/01/07/get-the-data-a-list-of-us-air-and-drone-strikes-afghanistan-2016/#209,
AFG203,29/05/2016,De Bala,Nangarhar,2,2,0,0,0,0,0,0,https://www.thebureauinvestigates.com/2016/01/07/get-the-data-a-list-of-us-air-and-drone-strikes-afghanistan-2016/#210,
AFG204,29/05/2016,Sayedabad,Wardak,2,2,0,0,0,0,0,0,https://www.thebureauinvestigates.com/2016/01/07/get-the-data-a-list-of-us-air-and-drone-strikes-afghanistan-2016/#211,
AFG205,02/06/2016,Gayan,Paktika,10,10,0,0,0,0,0,0,https://www.thebureauinvestigates.com/2016/01/07/get-the-data-a-list-of-us-air-and-drone-strikes-afghanistan-2016/#212,
AFG206,08/06/2016,Sar Rawza,Paktika,2,2,0,0,0,0,0,0,https://www.thebureauinvestigates.com/2016/01/07/get-the-data-a-list-of-us-air-and-drone-strikes-afghanistan-2016/#213,
AFG207,11/06/2016,Hesarak,Nangarhar,6,6,0,0,0,0,0,0,https://www.thebureauinvestigates.com/2016/01/07/get-the-data-a-list-of-us-air-and-drone-strikes-afghanistan-2016/#214,
AFG208,11/06/2016,Azara,Logar,11,11,0,3,0,0,0,0,https://www.thebureauinvestigates.com/2016/01/07/get-the-data-a-list-of-us-air-and-drone-strikes-afghanistan-2016/#215,
AFG209,11/06/2016,Hesarak,Nangarhar,6,6,0,0,0,0,0,0,https://www.thebureauinvestigates.com/2016/01/07/get-the-data-a-list-of-us-air-and-drone-strikes-afghanistan-2016/#216,
AFG210,14/06/2016,Achin,Nangarhar,10,10,0,0,0,0,0,0,https://www.thebureauinvestigates.com/2016/01/07/get-the-data-a-list-of-us-air-and-drone-strikes-afghanistan-2016/#217,
AFG211,15/06/2016,Achin,Nangarhar,21,21,0,0,0,0,0,0,https://www.thebureauinvestigates.com/2016/01/07/get-the-data-a-list-of-us-air-and-drone-strikes-afghanistan-2016/#237,
AFG212,18/06/2016,Dasht e Archi,Nangarhar,8,8,0,0,0,0,0,0,https://www.thebureauinvestigates.com/2016/01/07/get-the-data-a-list-of-us-air-and-drone-strikes-afghanistan-2016/#218,
AFG213,18/06/2016,Achin,Nangarhar,23,27,0,0,0,0,0,0,https://www.thebureauinvestigates.com/2016/01/07/get-the-data-a-list-of-us-air-and-drone-strikes-afghanistan-2016/#219,
AFG214,21/06/2016,Imam Sahib,Kunduz,5,5,0,0,0,0,0,0,https://www.thebureauinvestigates.com/2016/01/07/get-the-data-a-list-of-us-air-and-drone-strikes-afghanistan-2016/#220,
AFG215,22/06/2016,Kot,Nangarhar,4,4,0,0,0,0,0,0,https://www.thebureauinvestigates.com/2016/01/07/get-the-data-a-list-of-us-air-and-drone-strikes-afghanistan-2016/#221,
AFG216,23/06/2016,Lal Pura,Nangarhar,7,7,0,0,0,0,3,3,https://www.thebureauinvestigates.com/2016/01/07/get-the-data-a-list-of-us-air-and-drone-strikes-afghanistan-2016/#229,
AFG217,24/06/2016,Unknown,Unknown,0,0,0,0,0,0,0,0,https://www.thebureauinvestigates.com/2016/01/07/get-the-data-a-list-of-us-air-and-drone-strikes-afghanistan-2016/#222,
AFG218,25/06/2016,Chahar Dara,Kunduz,7,16,0,15,0,0,0,0,https://www.thebureauinvestigates.com/2016/01/07/get-the-data-a-list-of-us-air-and-drone-strikes-afghanistan-2016/#223,
AFG219,26/06/2016,Kot,Nangarhar,30,30,0,0,0,0,0,0,https://www.thebureauinvestigates.com/2016/01/07/get-the-data-a-list-of-us-air-and-drone-strikes-afghanistan-2016/#224,
AFG220,27/06/2016,Chahar Dara,Kunduz,4,16,0,0,0,0,0,0,https://www.thebureauinvestigates.com/2016/01/07/get-the-data-a-list-of-us-air-and-drone-strikes-afghanistan-2016/#225,
AFG221,28/06/2016,Kunduz city,Kunduz,14,14,0,0,0,0,8,8,https://www.thebureauinvestigates.com/2016/01/07/get-the-data-a-list-of-us-air-and-drone-strikes-afghanistan-2016/#226,
AFG222,29/06/2016,Gortipa,Kunduz,10,10,0,0,0,0,0,0,https://www.thebureauinvestigates.com/2016/01/07/get-the-data-a-list-of-us-air-and-drone-strikes-afghanistan-2016/#227,
AFG223,29/06/2016,Dasht e Archi,Nangarhar,10,10,0,0,0,0,0,0,https://www.thebureauinvestigates.com/2016/01/07/get-the-data-a-list-of-us-air-and-drone-strikes-afghanistan-2016/#228,
AFG224,03/07/2016,Ab Band,Ghazni,12,12,0,0,0,0,0,0,https://www.thebureauinvestigates.com/2016/01/07/get-the-data-a-list-of-us-air-and-drone-strikes-afghanistan-2016/#230,
AFG225,03/07/2016,Achin,Nangarhar,19,19,0,0,0,0,0,0,https://www.thebureauinvestigates.com/2016/01/07/get-the-data-a-list-of-us-air-and-drone-strikes-afghanistan-2016/#231,
AFG226,03/07/2016,Khogyani,Nangarhar,11,11,0,0,0,0,3,5,https://www.thebureauinvestigates.com/2016/01/07/get-the-data-a-list-of-us-air-and-drone-strikes-afghanistan-2016/#232,
AFG227,05/07/2016,Kot,Nangarhar,12,12,0,0,0,0,0,0,https://www.thebureauinvestigates.com/2016/01/07/get-the-data-a-list-of-us-air-and-drone-strikes-afghanistan-2016/#233,
AFG228,08/07/2016,Achin,Nangarhar,16,16,0,0,0,0,0,0,https://www.thebureauinvestigates.com/2016/01/07/get-the-data-a-list-of-us-air-and-drone-strikes-afghanistan-2016/#234,
AFG229,09/07/2016,Achin,Nangarhar,4,8,0,0,0,0,0,0,https://www.thebureauinvestigates.com/2016/01/07/get-the-data-a-list-of-us-air-and-drone-strikes-afghanistan-2016/#235,
AFG230,09/07/2016,Kot,Nangarhar,0,0,0,0,0,0,0,0,https://www.thebureauinvestigates.com/2016/01/07/get-the-data-a-list-of-us-air-and-drone-strikes-afghanistan-2016/#236,
AFG231,11/07/2016,Achin,Nangarhar,4,4,0,0,0,0,0,0,https://www.thebureauinvestigates.com/2016/01/07/get-the-data-a-list-of-us-air-and-drone-strikes-afghanistan-2016/#238,
AFG232,13/07/2016,Achin,Nangarhar,12,12,0,0,0,0,0,0,https://www.thebureauinvestigates.com/2016/01/07/get-the-data-a-list-of-us-air-and-drone-strikes-afghanistan-2016/#239,
AFG233,13/07/2016,Achin,Nangarhar,26,26,0,0,0,0,0,0,https://www.thebureauinvestigates.com/2016/01/07/get-the-data-a-list-of-us-air-and-drone-strikes-afghanistan-2016/#240,
AFG234,14/07/2016,Achin,Nangarhar,12,12,0,0,0,0,2,2,https://www.thebureauinvestigates.com/2016/01/07/get-the-data-a-list-of-us-air-and-drone-strikes-afghanistan-2016/#241,
AFG235,14/07/2016,Khogyani,Nangarhar,4,4,0,0,0,0,3,3,https://www.thebureauinvestigates.com/2016/01/07/get-the-data-a-list-of-us-air-and-drone-strikes-afghanistan-2016/#248,
AFG236,15/07/2016,Maiwand,Helmand,30,30,0,0,0,0,2,2,https://www.thebureauinvestigates.com/2016/01/07/get-the-data-a-list-of-us-air-and-drone-strikes-afghanistan-2016/#242,
AFG237,16/07/2016,Nazyano,Nangarhar,15,15,0,0,0,0,0,0,https://www.thebureauinvestigates.com/2016/01/07/get-the-data-a-list-of-us-air-and-drone-strikes-afghanistan-2016/#243,
AFG238,16/07/2016,Achin,Nangarhar,6,6,0,0,0,0,0,0,https://www.thebureauinvestigates.com/2016/01/07/get-the-data-a-list-of-us-air-and-drone-strikes-afghanistan-2016/#244,
AFG239,19/07/2016,Sangin,Helmand,0,0,0,0,0,0,0,0,https://www.thebureauinvestigates.com/2016/01/07/get-the-data-a-list-of-us-air-and-drone-strikes-afghanistan-2016/#245,
AFG240,19/07/2016,Achin,Nangarhar,5,5,0,0,0,0,0,0,https://www.thebureauinvestigates.com/2016/01/07/get-the-data-a-list-of-us-air-and-drone-strikes-afghanistan-2016/#246,
AFG241,20/07/2016,Achin,Nangarhar,15,15,0,0,0,0,0,0,https://www.thebureauinvestigates.com/2016/01/07/get-the-data-a-list-of-us-air-and-drone-strikes-afghanistan-2016/#247,
AFG242,23/07/2016,Achin,Nangarhar,8,8,0,0,0,0,0,0,https://www.thebureauinvestigates.com/2016/01/07/get-the-data-a-list-of-us-air-and-drone-strikes-afghanistan-2016/#249,
AFG243,23/07/2016,Achin,Nangarhar,0,0,0,0,0,0,0,0,https://www.thebureauinvestigates.com/2016/01/07/get-the-data-a-list-of-us-air-and-drone-strikes-afghanistan-2016/#250,
AFG244,26/07/2016,Achin,Nangarhar,1,1,0,0,0,0,0,0,https://www.thebureauinvestigates.com/2016/01/07/get-the-data-a-list-of-us-air-and-drone-strikes-afghanistan-2016/#255,
AFG245,27/07/2016,Achin,Nangarhar,6,6,0,0,0,0,3,3,https://www.thebureauinvestigates.com/2016/01/07/get-the-data-a-list-of-us-air-and-drone-strikes-afghanistan-2016/#251,
AFG246,27/07/2016,Nazian,Nangarhar,2,2,0,0,0,0,0,0,https://www.thebureauinvestigates.com/2016/01/07/get-the-data-a-list-of-us-air-and-drone-strikes-afghanistan-2016/#252,
AFG247,31/07/2016,Unknown,Unknown,0,0,0,0,0,0,0,0,https://www.thebureauinvestigates.com/2016/01/07/get-the-data-a-list-of-us-air-and-drone-strikes-afghanistan-2016/#298,
AFG248,01/08/2016,Nad Ali,Helmand,2,2,0,0,0,0,0,0,https://www.thebureauinvestigates.com/2016/01/07/get-the-data-a-list-of-us-air-and-drone-strikes-afghanistan-2016/#253,
AFG249,11/08/2016,Unknown,Helmand,0,0,0,0,0,0,0,0,https://www.thebureauinvestigates.com/2016/01/07/get-the-data-a-list-of-us-air-and-drone-strikes-afghanistan-2016/#254,
AFG250,12/08/2016,Khoshamand,Paktika,20,25,0,5,0,4,25,25,https://www.thebureauinvestigates.com/2016/01/07/get-the-data-a-list-of-us-air-and-drone-strikes-afghanistan-2016/#256,
AFG251,13/08/2016,Achin,Nangarhar,2,2,0,0,0,0,0,0,https://www.thebureauinvestigates.com/2016/01/07/get-the-data-a-list-of-us-air-and-drone-strikes-afghanistan-2016/#257,
AFG252,22/08/2016,Kot,Nangarhar,4,4,0,0,0,0,0,0,https://www.thebureauinvestigates.com/2016/01/07/get-the-data-a-list-of-us-air-and-drone-strikes-afghanistan-2016/#260,
AFG253,24/08/2016,Unknown,Kunduz,0,0,0,0,0,0,0,0,https://www.thebureauinvestigates.com/2016/01/07/get-the-data-a-list-of-us-air-and-drone-strikes-afghanistan-2016/#261,
AFG254,25/08/2016,Nad Ali,Helmand,24,32,0,8,0,0,0,0,https://www.thebureauinvestigates.com/2016/01/07/get-the-data-a-list-of-us-air-and-drone-strikes-afghanistan-2016/#258,
AFG255,29/08/2016,Jani Khil,Paktia,8,120,0,0,0,0,0,0,https://www.thebureauinvestigates.com/2016/01/07/get-the-data-a-list-of-us-air-and-drone-strikes-afghanistan-2016/#259,
AFG256,30/08/2016,Lal Pura,Nangarhar,6,6,0,0,0,0,3,3,https://www.thebureauinvestigates.com/2016/01/07/get-the-data-a-list-of-us-air-and-drone-strikes-afghanistan-2016/#262,
AFG257,31/08/2016,Deh Bala,Nangarhar,17,17,0,0,0,0,0,0,https://www.thebureauinvestigates.com/2016/01/07/get-the-data-a-list-of-us-air-and-drone-strikes-afghanistan-2016/#263,
AFG258,31/08/2016,Unknown,Unknown,0,0,0,0,0,0,0,0,https://www.thebureauinvestigates.com/2016/01/07/get-the-data-a-list-of-us-air-and-drone-strikes-afghanistan-2016/#266,
AFG259,02/09/2016,Spera,Khost,7,7,0,0,0,0,0,0,https://www.thebureauinvestigates.com/2016/01/07/get-the-data-a-list-of-us-air-and-drone-strikes-afghanistan-2016/#264,
AFG260,09/09/2016,Tarin Kot,Uruzgan,0,0,0,0,0,0,0,0,https://www.thebureauinvestigates.com/2016/01/07/get-the-data-a-list-of-us-air-and-drone-strikes-afghanistan-2016/#267,
AFG261,10/09/2016,Khak e Safid,Farah,4,4,0,0,0,0,0,0,https://www.thebureauinvestigates.com/2016/01/07/get-the-data-a-list-of-us-air-and-drone-strikes-afghanistan-2016/#265,
AFG262,17/09/2016,Unknown,Uruzgan,0,0,0,0,0,0,0,0,https://www.thebureauinvestigates.com/2016/01/07/get-the-data-a-list-of-us-air-and-drone-strikes-afghanistan-2016/#269,
AFG263,18/09/2016,Tarin Kot,Uruzgan,7,8,0,0,0,0,0,0,https://www.thebureauinvestigates.com/2016/01/07/get-the-data-a-list-of-us-air-and-drone-strikes-afghanistan-2016/#268,
AFG264,22/09/2016,Kot,Nangarhar,7,7,0,0,0,0,0,0,https://www.thebureauinvestigates.com/2016/01/07/get-the-data-a-list-of-us-air-and-drone-strikes-afghanistan-2016/#270,
AFG265,22/09/2016,Nazyan,Nangarhar,5,5,0,0,0,0,0,0,https://www.thebureauinvestigates.com/2016/01/07/get-the-data-a-list-of-us-air-and-drone-strikes-afghanistan-2016/#271,
AFG266,22/09/2016,Hesarak,Nangarhar,18,18,0,0,0,0,6,6,https://www.thebureauinvestigates.com/2016/01/07/get-the-data-a-list-of-us-air-and-drone-strikes-afghanistan-2016/#272,
AFG267,24/09/2016,Bermal,Paktika,0,0,0,0,0,0,0,0,https://www.thebureauinvestigates.com/2016/01/07/get-the-data-a-list-of-us-air-and-drone-strikes-afghanistan-2016/#273,
AFG268,25/09/2016,Bermal,Paktika,0,0,0,0,0,0,0,0,https://www.thebureauinvestigates.com/2016/01/07/get-the-data-a-list-of-us-air-and-drone-strikes-afghanistan-2016/#274,
AFG269,28/09/2016,Achin,Nangarhar,18,21,15,15,0,0,13,27,https://www.thebureauinvestigates.com/2016/01/07/get-the-data-a-list-of-us-air-and-drone-strikes-afghanistan-2016/#275,
AFG270,30/09/2016,Unknown,Unknown,0,0,0,0,0,0,0,0,https://www.thebureauinvestigates.com/2016/01/07/get-the-data-a-list-of-us-air-and-drone-strikes-afghanistan-2016/#277,
AFG271,03/10/2016,Kunduz city,Kunduz,0,0,0,0,0,0,0,0,https://www.thebureauinvestigates.com/2016/01/07/get-the-data-a-list-of-us-air-and-drone-strikes-afghanistan-2016/#278,
AFG272,03/10/2016,Nawa-i-Barakzayi,Helmand,12,12,0,0,0,0,0,0,https://www.thebureauinvestigates.com/2016/01/07/get-the-data-a-list-of-us-air-and-drone-strikes-afghanistan-2016/#280,
AFG273,04/10/2016,Achin,Nangarhar,13,13,0,0,0,0,2,2,https://www.thebureauinvestigates.com/2016/01/07/get-the-data-a-list-of-us-air-and-drone-strikes-afghanistan-2016/#276,
AFG274,08/10/2016,Achin and Deh Bala,Nangarhar,0,0,0,0,0,0,0,0,https://www.thebureauinvestigates.com/2016/01/07/get-the-data-a-list-of-us-air-and-drone-strikes-afghanistan-2016/#279,
AFG275,17/10/2016,Farah and Bakwah,Farah,70,70,0,0,0,0,30,30,https://www.thebureauinvestigates.com/2016/01/07/get-the-data-a-list-of-us-air-and-drone-strikes-afghanistan-2016/#281,
AFG276,19/10/2016,Seyagerd,Parwan,8,8,0,0,0,0,0,0,https://www.thebureauinvestigates.com/2016/01/07/get-the-data-a-list-of-us-air-and-drone-strikes-afghanistan-2016/#282,
AFG277,22/10/2016,Pachiragam,Nangarhar,5,5,0,0,0,0,0,0,https://www.thebureauinvestigates.com/2016/01/07/get-the-data-a-list-of-us-air-and-drone-strikes-afghanistan-2016/#283,
AFG278,23/10/2016,Unknown,Kunduz,3,3,0,0,0,0,0,0,https://www.thebureauinvestigates.com/2016/01/07/get-the-data-a-list-of-us-air-and-drone-strikes-afghanistan-2016/#284,
AFG279,28/10/2016,Sherzad,Nangarhar,2,4,2,4,0,0,0,30,https://www.thebureauinvestigates.com/2016/01/07/get-the-data-a-list-of-us-air-and-drone-strikes-afghanistan-2016/#285,
AFG280,28/10/2016,Ghaziabad,Kunar,5,5,0,0,0,0,0,0,https://www.thebureauinvestigates.com/2016/01/07/get-the-data-a-list-of-us-air-and-drone-strikes-afghanistan-2016/#286,
AFG281,30/10/2016,Achin,Nangarhar,11,11,0,0,0,0,0,0,https://www.thebureauinvestigates.com/2016/01/07/get-the-data-a-list-of-us-air-and-drone-strikes-afghanistan-2016/#287,
AFG282,31/10/2016,Dangam and Ghaziabad,Kunar,9,9,0,0,0,0,0,0,https://www.thebureauinvestigates.com/2016/01/07/get-the-data-a-list-of-us-air-and-drone-strikes-afghanistan-2016/#288,
AFG283,31/10/2016,Unknown,Unknown,0,0,0,0,0,0,0,0,https://www.thebureauinvestigates.com/2016/01/07/get-the-data-a-list-of-us-air-and-drone-strikes-afghanistan-2016/#296,
AFG284,03/11/2016,Kunduz city,Kunduz,58,59,32,33,20,20,53,62,https://www.thebureauinvestigates.com/2016/01/07/get-the-data-a-list-of-us-air-and-drone-strikes-afghanistan-2016/#289,
AFG285,04/11/2016,Khak e Safid,Farah,5,5,0,0,0,0,0,0,https://www.thebureauinvestigates.com/2016/01/07/get-the-data-a-list-of-us-air-and-drone-strikes-afghanistan-2016/#290,
AFG286,09/11/2016,Achin,Nangarhar,11,14,0,0,0,0,0,0,https://www.thebureauinvestigates.com/2016/01/07/get-the-data-a-list-of-us-air-and-drone-strikes-afghanistan-2016/#291,
AFG287,11/11/2016,Achin,Nangarhar,13,14,0,0,0,0,0,0,https://www.thebureauinvestigates.com/2016/01/07/get-the-data-a-list-of-us-air-and-drone-strikes-afghanistan-2016/#293,
AFG288,12/11/2016,Achin,Nangarhar,13,13,0,0,0,0,0,0,https://www.thebureauinvestigates.com/2016/01/07/get-the-data-a-list-of-us-air-and-drone-strikes-afghanistan-2016/#292,
AFG289,18/11/2016,Kot,Nangarhar,7,7,0,0,0,0,0,0,https://www.thebureauinvestigates.com/2016/01/07/get-the-data-a-list-of-us-air-and-drone-strikes-afghanistan-2016/#293,
AFG290,19/11/2016,Zumat,Paktia,1,1,0,0,0,0,2,2,https://www.thebureauinvestigates.com/2016/01/07/get-the-data-a-list-of-us-air-and-drone-strikes-afghanistan-2016/#294,
AFG291,20/11/2016,Achin,Nangarhar,2,2,0,0,0,0,0,0,https://www.thebureauinvestigates.com/2016/01/07/get-the-data-a-list-of-us-air-and-drone-strikes-afghanistan-2016/#295,
AFG292,27/11/2016,Haska Mena,Nangarhar,7,7,0,0,0,0,3,3,https://www.thebureauinvestigates.com/2016/01/07/get-the-data-a-list-of-us-air-and-drone-strikes-afghanistan-2016/#297,
AFG293,11/12/2016,Haska Mena,Nangarhar,7,7,0,0,0,0,0,0,https://www.thebureauinvestigates.com/2016/01/07/get-the-data-a-list-of-us-air-and-drone-strikes-afghanistan-2016/#298,
AFG294,15/12/2016,Haska Mena,Nangarhar,4,6,0,0,0,0,0,0,https://www.thebureauinvestigates.com/2016/01/07/get-the-data-a-list-of-us-air-and-drone-strikes-afghanistan-2016/#299,
AFG295,15/12/2016,Achin,Nangarhar,2,2,0,0,0,0,0,0,https://www.thebureauinvestigates.com/2016/01/07/get-the-data-a-list-of-us-air-and-drone-strikes-afghanistan-2016/#300,
AFG296,24/12/2016,Bati Kot,Nangarhar,1,1,0,0,0,0,4,4,https://www.thebureauinvestigates.com/2016/01/07/get-the-data-a-list-of-us-air-and-drone-strikes-afghanistan-2016/#301,
AFG297,24/12/2016,Achin,Nangarhar,2,2,0,0,0,0,0,0,https://www.thebureauinvestigates.com/2016/01/07/get-the-data-a-list-of-us-air-and-drone-strikes-afghanistan-2016/#302,
AFG298,27/12/2016,Achin,Nangarhar,3,3,0,0,0,0,0,0,https://www.thebureauinvestigates.com/2016/01/07/get-the-data-a-list-of-us-air-and-drone-strikes-afghanistan-2016/#303,
AFG299,28/12/2016,Haska Mena,Nangarhar,2,2,0,0,0,0,1,1,https://www.thebureauinvestigates.com/2016/01/07/get-the-data-a-list-of-us-air-and-drone-strikes-afghanistan-2016/#304,
AFG300,28/12/2016,Charparhar,Nangarhar,3,3,0,0,0,0,7,7,https://www.thebureauinvestigates.com/2016/01/07/get-the-data-a-list-of-us-air-and-drone-strikes-afghanistan-2016/#305,
AFG301,31/12/2016,-,-,0,0,0,0,0,0,0,0,https://www.thebureauinvestigates.com/2016/01/07/get-the-data-a-list-of-us-air-and-drone-strikes-afghanistan-2016/#307,
AFG302,10/01/2017,Sabri,Khost,4,4,0,0,0,0,0,0,https://www.thebureauinvestigates.com/2017/01/11/get-the-data-a-list-of-us-air-and-drone-strikes-afghanistan-2017/306,https://www.thebureauinvestigates.com/2017/01/11/get-the-data-a-list-of-us-air-and-drone-strikes-afghanistan-2017/
AFG303,15/01/2017,Musa Qala,Helmand,15,15,0,0,0,0,10,10,https://www.thebureauinvestigates.com/2017/01/11/get-the-data-a-list-of-us-air-and-drone-strikes-afghanistan-2017/308,
AFG304,20/01/2017,Achin,Nangarhar,4,6,0,0,0,0,0,0,https://www.thebureauinvestigates.com/2017/01/11/get-the-data-a-list-of-us-air-and-drone-strikes-afghanistan-2017/309,
AFG305,27/01/2017,Achin,Nangarhar,7,7,0,0,0,0,0,0,https://www.thebureauinvestigates.com/2017/01/11/get-the-data-a-list-of-us-air-and-drone-strikes-afghanistan-2017/311,
AFG306,28/01/2017,-,Nangarhar,7,7,0,0,0,0,0,0,https://www.thebureauinvestigates.com/2017/01/11/get-the-data-a-list-of-us-air-and-drone-strikes-afghanistan-2017/310,
AFG307,31/01/2017,Sangin,Helmand,0,0,0,0,0,0,0,0,https://www.thebureauinvestigates.com/2017/01/11/get-the-data-a-list-of-us-air-and-drone-strikes-afghanistan-2017/312,
AFG308,31/01/2017,-,-,0,0,0,0,0,0,0,0,https://www.thebureauinvestigates.com/2017/01/11/get-the-data-a-list-of-us-air-and-drone-strikes-afghanistan-2017/315,
AFG309,01/02/2017,Achin,Nangarhar,2,12,0,0,0,0,0,0,https://www.thebureauinvestigates.com/2017/01/11/get-the-data-a-list-of-us-air-and-drone-strikes-afghanistan-2017/313,
AFG310,02/02/2017,-,Khost,5,6,0,0,0,0,0,0,https://www.thebureauinvestigates.com/2017/01/11/get-the-data-a-list-of-us-air-and-drone-strikes-afghanistan-2017/314,
AFG311,03/02/2017,Achin and Haska Mina,Nangarhar,21,21,0,0,0,0,6,6,https://www.thebureauinvestigates.com/2017/01/11/get-the-data-a-list-of-us-air-and-drone-strikes-afghanistan-2017/316,
AFG312,06/02/2017,Garamser,Helmand,6,6,0,0,0,0,0,0,https://www.thebureauinvestigates.com/2017/01/11/get-the-data-a-list-of-us-air-and-drone-strikes-afghanistan-2017/317,
AFG313,06/02/2017,Haska Mena,Nangarhar,2,2,0,0,0,0,3,3,https://www.thebureauinvestigates.com/2017/01/11/get-the-data-a-list-of-us-air-and-drone-strikes-afghanistan-2017/318,
AFG314,08/02/2017,Achin and Haska Mena,Nangarhar,11,11,0,0,0,0,6,6,https://www.thebureauinvestigates.com/2017/01/11/get-the-data-a-list-of-us-air-and-drone-strikes-afghanistan-2017/319,
AFG315,10/02/2017,Sangin,Helmand,0,68,0,26,0,19,0,6,https://www.thebureauinvestigates.com/2017/01/11/get-the-data-a-list-of-us-air-and-drone-strikes-afghanistan-2017/320,
AFG316,11/02/2017,Sangin,Helmand,0,0,0,0,0,0,0,0,https://www.thebureauinvestigates.com/2017/01/11/get-the-data-a-list-of-us-air-and-drone-strikes-afghanistan-2017/321,
AFG317,19/02/2017,Nawa,Ghazni,1,1,0,0,0,0,2,2,https://www.thebureauinvestigates.com/2017/01/11/get-the-data-a-list-of-us-air-and-drone-strikes-afghanistan-2017/322,
AFG318,20/02/2017,Achin,Nangarhar,12,12,0,0,0,0,0,0,,
AFG319,23/02/2017,Garamser,Helmand,11,11,0,0,0,0,0,0,,
AFG320,26/02/2017,Dashti Archi,Kunduz,5,9,0,0,0,0,0,0,,
AFG321,27/02/2017,Charparhar,Nangarhar,2,2,0,0,0,0,3,3,,
AFG322,28/02/2017,Unknown,Unknown,0,0,0,0,0,0,0,0,,
AFG323,01/03/2017,Lal Pura,Nangarhar,6,6,0,0,0,0,1,1,,
AFG324,09/03/2017,Between Nish and Khakriz districts,Kandahar,20,20,0,0,0,0,0,0,,
AFG325,13/03/2017,Gilan,Ghazni,3,3,0,0,0,0,0,0,,
AFG326,18/03/2017,Unknown,Nangarhar,0,0,0,0,0,0,0,0,,
AFG327,18/03/2017,Unknown,Paktika,2,2,0,0,0,0,0,0,,
AFG328,19/03/2017,Unknown,Nangarhar,0,0,0,0,0,0,0,0,,
AFG329,19/03/2017,Unknown,Paktika,4,4,0,0,0,0,0,0,,
AFG330,31/03/2017,Unknown,Unknown,0,0,0,0,0,0,0,0,,
AFG331,04/04/2017,Achin,Nangarhar,3,3,3,3,2,2,4,4,,
AFG332,09/04/2017,Narkh,Wardak,6,6,0,0,0,0,0,0,,
AFG333,13/04/2017,Achin,Nangarhar,36,100,0,0,0,0,0,0,,
AFG334,15/04/2017,Achin,Nangarhar,0,2,0,0,0,0,0,0,,
AFG335,17/04/2017,Archi,Kunduz,9,16,0,0,0,0,0,0,,
AFG336,25/04/2017,Charkh district,Logar,2,2,0,0,0,0,5,5,,
AFG337,26/04/2017,Unknown,Nangarhar,36,36,0,0,0,0,0,0,,
AFG338,27/04/2017,Unknown,Wardak,1,1,0,0,0,0,0,0,,
AFG339,30/04/2017,Unknown,Unknown,0,0,0,0,0,0,0,0,,
AFG340,30/04/2017,Greshk,Helmand,7,7,0,0,0,0,0,0,,
AFG341,05/05/2017,Unknown,Nangarhar,8,8,0,0,0,0,0,0,,
AFG342,06/05/2017,Maidan Shahr,Wardak,5,6,0,0,0,0,6,6,,
AFG343,08/05/2017,Unknown,Paktia,0,50,0,0,0,0,0,6,,
AFG344,18/05/2017,Garamser,Helmand,14,14,0,0,0,0,8,8,,
AFG345,18/05/2017,Garamser,Helmand,9,9,0,0,0,0,0,0,,
AFG346,26/05/2017,Chardara,Kunduz,4,13,0,0,0,0,0,0,,
AFG347,29/05/2017,Nazian,Nangarhar,3,4,0,0,0,0,0,0,,
AFG348,30/05/2017,Dasht e Archi,Kunduz,7,7,0,0,0,0,0,0,,
AFG349,31/05/2017,Tarin Kot,Uruzgan,25,25,0,0,0,0,20,20,,
AFG350,31/05/2017,Unknown,Unknown,0,0,0,0,0,0,0,0,,
AFG351,03/06/2017,Achin,Nangarhar,1,1,0,0,0,0,0,0,,
AFG352,08/06/2017,Kot,Nangarhar,10,10,0,0,0,0,0,0,,
AFG353,09/06/2017,Nad Ali,Helmand,2,10,0,0,0,0,0,16,,
AFG354,22/06/2017,Unknown,Nangarhar,0,0,0,0,0,0,0,0,,
AFG355,29/06/2017,Manogi,Kunar,3,3,0,0,0,0,1,1,,
AFG356,29/6/2017,Khas,Uruzgan,2,4,0,0,0,0,0,3,,
AFG357,30/6/2017,Unknown,Unknown,0,0,0,0,0,0,0,0,,
AFG358,01/07/2017,Achin,Nangarhar,11,11,0,0,0,0,0,0,,
AFG359,01/07/2017,Sherzad,Nangarhar,4,4,0,0,0,0,0,0,,
AFG360,02/07/2017,Nawar,Helmand,1,42,0,0,0,0,0,36,,
AFG361,02/07/2017,Nad Ali,Helmand,15,15,0,0,0,0,9,9,,
AFG362,07/07/2017,Haska Mena,Nangarhar,14,14,0,0,0,0,11,11,,
AFG363,08/07/2017,Zurmat,Paktia,7,7,0,0,0,0,0,0,,
AFG364,08/07/2017,Zurmat,Paktia,7,16,0,1,0,0,0,0,,
AFG365,09/07/2017,Qaghayio,Laghman,2,2,0,0,0,0,0,0,,
AFG366,11/07/2017,Khan Abad,Kunduz,5,5,0,0,0,0,1,1,,
AFG367,11/07/2017,Unknown,Kunar,5,11,0,0,0,0,0,0,,
AFG368,14/07/2017,Bati Kot,Nangarhar,8,8,0,0,0,0,0,0,,
AFG369,15/07/2017,Nawa district,Helmand,0,38,0,0,0,0,0,0,,
AFG370,20/07/2017,Watapur,Helmand,4,4,0,0,0,0,0,0,,
AFG371,20/07/2017,Gereshk,Helmand,0,0,0,0,0,0,0,0,,
AFG372,21/07/2017,Gereshk,Helmand,9,16,0,0,0,0,2,2,,
AFG373,21/07/2017,Unknown,Helmand,0,0,0,0,0,0,0,0,,
AFG374,23/07/2017,Haska Mena,Nangarhar,0,33,0,8,0,2,0,25,,
AFG375,31/07/2017,Watupur,Kunar,7,7,0,0,0,0,0,0,,
AFG376,31/07/2017,Unknown,Unknown,0,0,0,0,0,0,0,0,,
AFG377,04/08/2017,Musa Khil,Khost,50,50,0,0,0,0,3,3,,
AFG378,05/08/2017,Chapa Dara,Kunar,3,3,0,0,0,0,0,0,,
AFG379,07/08/2017,Gilan,Ghazni,2,7,0,0,0,0,0,4,,
AFG380,09/08/2017,Alishang district,Laghman,8,8,0,0,0,0,0,0,,
AFG381,10/08/2017,Haska Mena,Nangarhar,0,21,0,16,0,2,0,3,,
AFG382,10/08/2017,Darah Ye Pech,Kunar,4,4,0,0,0,0,0,0,,
AFG383,11/08/2017,Unknown,Wardak,9,9,0,0,0,0,0,0,,
AFG384,12/08/2017,Nawa,Helmand,5,5,0,0,0,0,0,0,,
AFG385,16/08/2017,Achin,Nangarhar,45,54,0,0,0,0,0,0,,
AFG386,21/08/2017,Achin,Nangarhar,6,6,0,0,0,0,0,0,,
AFG387,24/08/2017,Shah Walikot,Kandahar,42,42,0,0,0,0,17,17,,
AFG388,28/08/2017,Achin,Nangarhar,14,14,0,0,0,0,0,0,,
AFG389,30/08/2017,Pul e 'Alam,Logar,13,13,13,13,10,10,12,12,,
AFG390,31/08/2017,Unknown,Unknown,0,0,0,0,0,0,0,0,,
AFG391,04/09/2017,Qarabagh,Kabul,0,2,0,2,0,0,0,3,,
AFG392,04/09/2017,Manogi,Kunar,12,12,0,0,0,0,0,0,,
AFG393,05/09/2017,Nadir Shahwali Kot,Khost,6,6,0,0,0,0,1,1,,
AFG394,09/09/2017,Unknown,Kunar,1,1,0,0,0,0,0,0,,
AFG395,18/09/2017,Bala Balook,Farah,0,15,0,0,0,0,0,3,,
AFG396,20/09/2017,Nari,Kunar,11,11,0,0,0,0,0,0,,
AFG397,21/09/2017,Ghazi Abad,Kunar,7,7,0,0,0,0,0,0,,
AFG398,24/09/2017,Haska Mena,Nangarhar,5,5,0,0,0,0,0,0,,
AFG399,27/09/2017,Kabul,Kabul,0,4,0,0,0,0,5,11,,
AFG400,27/09/2017,Haska Mena,Nangarhar,5,5,0,0,0,0,0,0,,
AFG401,29/09/2017,Nazian,Nangarhar,15,15,0,0,0,0,0,0,,
AFG402,30/09/2017,Unknown,Unknown,0,0,0,0,0,0,0,0,,
AFG403,10/10/2017,Raghistan,Badakhshan,0,8,0,0,0,0,0,15,,
AFG404,10/10/2017,Bati Kot,Nangarhar,2,2,0,0,0,0,0,0,,
AFG405,11/10/2017,Haska Mena,Nangarhar,4,4,0,0,0,0,0,0,,
AFG406,11/10/2017,Syed Karim,Paktia,11,11,0,0,0,0,2,2,,
AFG407,11/10/2017,Ahmadabad,Paktia,4,4,0,0,0,0,3,3,,
AFG408,12/10/2017,Unknown,Kunar,0,20,0,0,0,0,0,0,,
AFG409,16/10/2017,Jaji Maydan,Paktia,0,0,0,0,0,0,0,0,,
AFG410,19/10/2017,Maiwand,Kandahar,0,0,0,0,0,0,0,0,,
AFG411,20/10/2017,Achin,Nangarhar,10,10,0,0,0,0,0,0,,
AFG412,04/11/2017,Chardara,Kunduz,10,80,10,55,0,0,0,10,,
AFG413,04/11/2017,Achin,Nangarhar,15,15,0,0,0,0,0,0,,
AFG414,05/11/2017,Sayed Karam,Paktia,4,4,0,0,0,0,7,7,,
AFG415,05/11/2017,Sayed Karam,Paktia,4,4,0,0,0,0,0,0,,
AFG416,13/11/2017,Achin,Nangarhar,4,4,0,0,0,0,0,0,,
AFG417,14/11/2017,Sangin,Helmand,6,6,0,6,0,0,0,0,,
AFG418,19/11/2017,Unknown,Helmand,0,0,0,0,0,0,0,0,,
AFG419,21/11/2017,Unknown,Helmand,0,44,0,0,0,0,0,0,,
AFG420,27/11/2017,Haska Mena,Nangarhar,7,7,0,0,0,0,0,0,,
AFG421,28/11/2017,Azra,Logar,7,7,0,0,0,0,0,0,,
AFG422,29/11/2017,Achin,Nangarhar,8,8,0,0,0,0,0,0,,
AFG423,01/12/2017,Khogyani,Nangarhar,4,4,0,0,0,0,8,8,,
AFG424,01/12/2017,Musa Qala,Helmand,5,5,0,0,0,0,0,0,,
AFG425,02/12/2017,Achin,Nangarhar,8,8,0,0,0,0,0,0,,
AFG426,03/12/2017,Achin,Nangarhar,8,8,0,0,0,0,0,0,,
AFG427,04/12/2017,Between Musa Qala and Greskh,Helmand,6,6,0,0,0,0,0,0,,
AFG428,05/12/2017,Achin,Nangarhar,25,25,0,0,0,0,0,0,,
AFG429,07/12/2017,Unknown,Helmand,0,0,0,0,0,0,0,0,,
AFG430,08/12/2017,Unknown,Helmand,0,0,0,0,0,0,0,0,,
AFG431,09/12/2017,Tarin Kot,Uruzgan,8,8,0,0,0,0,3,3,,
AFG432,28/12/2017,Unknown,Nangarhar,8,8,0,0,0,0,3,3,,
AFG433,30/12/2017,Deh Bala,Nangarhar,3,3,0,0,0,0,0,0,,
AFG434,11/01/2018,Achin,Nangarhar,8,13,0,0,0,0,0,0,,
AFG435,14/01/2018,Want Waigal,Nuristan,3,3,0,0,0,0,0,0,,
AFG436,20/01/2018,Barmal,Paktika,14,14,0,0,0,0,0,0,,
AFG437,20/01/2018,Nika,Paktika,50,50,0,0,0,0,0,0,,
AFG438,27/01/2018,Barmal,Paktika,1,1,0,0,0,0,0,0,,
AFG439,30/01/2018,Andar,Ghazni,26,26,0,0,0,0,20,22,,
AFG440,02/02/2018,Unknown,Helmand,0,0,0,0,0,0,0,0,,
AFG441,04/02/2018,Unknown,Badakhshan,0,0,0,0,0,0,0,0,,
AFG442,04/02/2018,Unknown,Badakhshan,0,0,0,0,0,0,0,0,,
AFG443,16/02/2018,Chapa Dara,Kunar,7,7,0,0,0,0,0,0,,
AFG444,22/02/2018,Barmal,Paktika,1,1,0,0,0,0,0,0,,
AFG445,07/03/2018,Unknown,Kunar,12,21,0,1,0,1,0,0,,
AFG446,08/03/2018,Unknown,Helmand,0,0,0,0,0,0,0,0,,
AFG447,09/03/2018,Unknown,Helmand,0,0,0,0,0,0,0,0,,
AFG448,11/03/2018,Unknown,Kandahar,0,25,0,0,0,0,0,14,,
AFG449,16/03/2018,Darzab and Qishtepa,Jawzjan,35,37,0,0,0,0,12,12,,
AFG450,16/03/2018,Unknown,Sar e Pul,2,2,0,0,0,0,0,0,,
AFG451,17/03/2018,Khakriz,Kandahar,13,13,0,0,0,0,0,0,,
AFG452,22/03/2018,Haska Mena,Nangarhar,8,8,0,0,0,0,0,0,,
AFG453,23/03/2018,Sawkai,Kunar,1,1,0,0,0,0,0,0,,
AFG454,28/03/2018,Chapa Dara,Kunar,6,6,0,0,0,0,0,0,,
AFG455,01/04/2018,Nad Ali,Helmand,0,0,0,0,0,0,0,0,,
AFG456,03/04/2018,Unknown,Farah and Nimroz,0,0,0,0,0,0,0,0,,
AFG457,05/04/2018,Bal Chiragh,Faryab,2,2,0,0,0,0,0,0,,
AFG458,12/04/2018,Omana,Paktika,7,7,0,0,0,0,3,3,,
AFG459,12/04/2018,Warduj,Badakhshan,0,0,0,0,0,0,0,0,,
AFG460,20/04/2018,Bakwah,Farah,0,0,0,0,0,0,0,0,,
AFG461,21/04/2018,Marjah,Helmand,0,0,0,0,0,0,0,0,,
AFG462,23/04/2018,Sherzad,Nangarhar,2,2,0,0,0,0,0,0,,
AFG463,09/05/2018,Maqur,Badghis,6,6,0,0,0,0,0,0,,
AFG464,09/05/2018,Zazi Aryub,Paktia,35,35,0,0,0,0,0,0,,
AFG465,15/05/2018,Farah,Farah,28,28,0,0,0,0,0,0,,
AFG466,24/05/2018,Musa Qala,Helmand,50,50,0,0,0,0,0,0,,
AFG467,24/05/2018,Faizabad City,Badakhshan,0,0,0,0,0,0,0,0,,
AFG468,24/05/2018,Kishm,Badakhshan,0,0,0,0,0,0,0,0,,
AFG469,24/05/2018,Sangin,Helmand,2,2,0,0,0,0,0,0,,
AFG470,25/05/2018,Nahr e Saraj,Helmand,1,1,0,0,0,0,0,0,,
AFG471,26/05/2018,Unknown,Helmand,1,1,0,0,0,0,0,0,,
AFG472,27/05/2018,Syed Karm,Paktia,6,6,0,0,0,0,5,5,,
AFG473,28/05/2018,Chaparhar,Nangarhar,11,11,0,0,0,0,0,0,,
AFG474,28/05/2018,Chora,Uruzgan,10,10,0,0,0,0,0,0,,
AFG475,04/06/2018,Pul e 'Alam,Logar,0,13,0,0,0,0,0,0,,
AFG476,13/06/2018,Unknown,Kunar,0,5,0,0,0,0,0,0,,
AFG477,27/06/2018,Unknown,Unknown,0,0,0,0,0,0,0,0,,
AFG478,30/06/2018,Unknown,"Ghazni, Helmand and Uruzgan",0,0,0,0,0,0,0,0,,
AFG479,01/07/2018,Chaparhar,Nangarhar,2,2,0,0,0,0,0,0,,
AFG480,03/07/2018,Unknown,Kunar,0,1,0,0,0,0,0,0,,
AFG481,12/07/2018,Zurmat,Paktia,0,37,0,11,0,3,0,0,,
AFG482,15/07/2018,Maroof,Kandahar,12,12,0,0,0,0,1,1,,
AFG483,19/07/2018,Chardara,Kunduz,0,0,0,14,0,7,0,2,,
AFG484,22/07/2018,Tagab,Kapisa,2,2,0,0,0,0,0,0,,
AFG485,07/08/2018,Azra,Logar,9,14,0,0,0,0,0,15,,
AFG486,10/08/2018,Ghazni,Ghazni,0,0,0,0,0,0,0,0,,
AFG487,13/08/2018,Ghazni,Ghazni,220,220,0,0,0,0,0,0,,
AFG488,16/08/2018,Nad Ali,Helmand,27,27,0,0,0,0,7,7,,
AFG489,16/08/2018,Alishang district,Laghman,1,1,0,0,0,0,1,1,,
AFG490,25/08/2018,Khogyani,Nangarhar,10,11,0,0,0,0,0,0,,
AFG491,31/08/2018,Unknown,Parwan,4,4,0,0,0,0,0,0,,
AFG492,01/09/2018,Unknown,Helmand,0,0,0,0,0,0,0,0,,
AFG493,01/09/2018,Unknown,Nangarhar,0,0,0,0,0,0,0,0,,
AFG494,02/09/2018,Unknown,Farah,0,0,0,0,0,0,0,0,,
AFG495,02/09/2018,Unknown,Helmand,0,0,0,0,0,0,0,0,,
AFG496,02/09/2018,Unknown,Nangarhar,0,0,0,0,0,0,0,0,,
AFG497,02/09/2018,Unknown,Kandahar,0,0,0,0,0,0,0,0,,
AFG498,03/09/2018,Unknown,Helmand,0,0,0,0,0,0,0,0,,
AFG499,03/09/2018,Unknown,Kabul,0,0,0,0,0,0,0,0,,
AFG500,03/09/2018,Unknown,Kapisa,0,0,0,0,0,0,0,0,,
AFG501,03/09/2018,Unknown,Logar,0,0,0,0,0,0,0,0,,
AFG502,03/09/2018,Unknown,Paktika,0,0,0,0,0,0,0,0,,
AFG503,04/09/2018,Unknown,Helmand,0,0,0,0,0,0,0,0,,
AFG504,04/09/2018,Unknown,Herat,0,0,0,0,0,0,0,0,,
AFG505,04/09/2018,Unknown,Kandahar,0,0,0,0,0,0,0,0,,
AFG506,04/09/2018,Unknown,Kunar,0,0,0,0,0,0,0,0,,
AFG507,04/09/2018,Unknown,Kunduz,0,0,0,0,0,0,0,0,,
AFG508,04/09/2018,Unknown,Nangarhar,0,0,0,0,0,0,0,0,,
AFG509,04/09/2018,Unknown,Wardak,0,0,0,0,0,0,0,0,,
AFG510,05/09/2018,Unknown,Ghazni,0,0,0,0,0,0,0,0,,
AFG511,05/09/2018,Unknown,Helmand,0,0,0,0,0,0,0,0,,
AFG512,05/09/2018,Unknown,Kandahar,0,0,0,0,0,0,0,0,,
AFG513,05/09/2018,Unknown,Kapisa,0,0,0,0,0,0,0,0,,
AFG514,05/09/2018,Unknown,Nangarhar,0,0,0,0,0,0,0,0,,
AFG515,05/09/2018,Unknown,Uruzgan,0,0,0,0,0,0,0,0,,
AFG516,06/09/2018,Unknown,Helmand,0,0,0,0,0,0,0,0,,
AFG517,06/09/2018,Unknown,Kandahar,0,0,0,0,0,0,0,0,,
AFG518,06/09/2018,Unknown,Khost,0,0,0,0,0,0,0,0,,
AFG519,06/09/2018,Unknown,Kunar,0,0,0,0,0,0,0,0,,
AFG520,06/09/2018,Unknown,Laghman,0,0,0,0,0,0,0,0,,
AFG521,06/09/2018,Unknown,Logar,0,0,0,0,0,0,0,0,,
AFG522,06/09/2018,Unknown,Nangarhar,0,0,0,0,0,0,0,0,,
AFG523,06/09/2018,Unknown,Paktia,0,0,0,0,0,0,0,0,,
AFG524,07/09/2018,Unknown,Helmand,0,0,0,0,0,0,0,0,,
AFG525,07/09/2018,Unknown,Kabul,0,0,0,0,0,0,0,0,,
AFG526,07/09/2018,Unknown,Logar,0,0,0,0,0,0,0,0,,
AFG527,07/09/2018,Unknown,Nangarhar,0,0,0,0,0,0,0,0,,
AFG528,07/09/2018,Unknown,Paktika,0,0,0,0,0,0,0,0,,
AFG529,08/09/2018,Unknown,Wardak,0,0,0,0,0,0,0,0,,
AFG530,08/09/2018,Unknown,Helmand,0,0,0,0,0,0,0,0,,
AFG531,08/09/2018,Unknown,Logar,0,0,0,0,0,0,0,0,,
AFG532,09/09/2018,Unknown,Helmand,0,0,0,0,0,0,0,0,,
AFG533,09/09/2018,Unknown,Baghlan,0,0,0,0,0,0,0,0,,
AFG534,09/09/2018,Unknown,Kapisa,0,0,0,0,0,0,0,0,,
AFG535,09/09/2018,Unknown,Kunar,0,0,0,0,0,0,0,0,,
AFG536,09/09/2018,Unknown,Nangarhar,0,0,0,0,0,0,0,0,,
AFG537,09/09/2018,Unknown,Paktia,0,0,0,0,0,0,0,0,,
AFG538,09/09/2018,Unknown,Wardak,0,0,0,0,0,0,0,0,,
AFG539,10/09/2018,Nawah,Ghazni,30,30,0,0,0,0,0,0,,
AFG540,10/09/2018,Unknown,Baghlan,0,0,0,0,0,0,0,0,,
AFG541,10/09/2018,Unknown,Helmand,0,0,0,0,0,0,0,0,,
AFG542,10/09/2018,Unknown,Khost,0,0,0,0,0,0,0,0,,
AFG543,10/09/2018,Unknown,Nangarhar,0,0,0,0,0,0,0,0,,
AFG544,10/09/2018,Unknown,Wardak,0,0,0,0,0,0,0,0,,
AFG545,10/09/2018,Unknown,Sar e Pul,0,0,0,0,0,0,0,0,,
AFG546,11/09/2018,Unknown,Baghlan,0,0,0,0,0,0,0,0,,
AFG547,11/09/2018,Unknown,Helmand,0,0,0,0,0,0,0,0,,
AFG548,11/09/2018,Unknown,Laghman,0,0,0,0,0,0,0,0,,
AFG549,11/09/2018,Unknown,Logar,0,0,0,0,0,0,0,0,,
AFG550,11/09/2018,Unknown,Kandahar,0,0,0,0,0,0,0,0,,
AFG551,11/09/2018,Unknown,Nangarhar,0,0,0,0,0,0,0,0,,
AFG552,11/09/2018,Unknown,Paktia,0,0,0,0,0,0,0,0,,
AFG553,11/09/2018,Unknown,Uruzgan,0,0,0,0,0,0,0,0,,
AFG554,12/09/2018,Unknown,Baghlan,0,0,0,0,0,0,0,0,,
AFG555,12/09/2018,Unknown,Helmand,0,0,0,0,0,0,0,0,,
AFG556,12/09/2018,Unknown,Kunar,0,0,0,0,0,0,0,0,,
AFG557,12/09/2018,Unknown,Logar,0,0,0,0,0,0,0,0,,
AFG558,12/09/2018,Unknown,Paktia,0,0,0,0,0,0,0,0,,
AFG559,12/09/2018,Unknown,Uruzgan,0,0,0,0,0,0,0,0,,
AFG560,13/09/2018,Unknown,Nangarhar,0,0,0,0,0,0,0,0,,
AFG561,13/09/2018,Unknown,Helmand,0,0,0,0,0,0,0,0,,
AFG562,14/09/2018,Unknown,Helmand,0,0,0,0,0,0,0,0,,
AFG563,14/09/2018,Unknown,Nangarhar,0,0,0,0,0,0,0,0,,
AFG564,14/09/2018,Unknown,Paktia,0,0,0,0,0,0,0,0,,
AFG565,15/09/2018,Unknown,Farah,0,0,0,0,0,0,0,0,,
AFG566,15/09/2018,Unknown,Kunar,0,0,0,0,0,0,0,0,,
AFG567,15/09/2018,Unknown,Laghman,0,0,0,0,0,0,0,0,,
AFG568,15/09/2018,Unknown,Nangarhar,0,0,0,0,0,0,0,0,,
AFG569,15/09/2018,Unknown,Paktia,0,0,0,0,0,0,0,0,,
AFG570,15/09/2018,Unknown,Wardak,0,0,0,0,0,0,0,0,,
AFG571,15/09/2018,Unknown,Zabul,0,0,0,0,0,0,0,0,,
AFG572,16/09/2018,Unknown,Ghazni,0,0,0,0,0,0,0,0,,
AFG573,16/09/2018,Unknown,Helmand,0,0,0,0,0,0,0,0,,
AFG574,16/09/2018,Unknown,Logar,0,0,0,0,0,0,0,0,,
AFG575,16/09/2018,Unknown,Nangarhar,0,0,0,0,0,0,0,0,,
AFG576,16/09/2018,Unknown,Paktika,0,0,0,0,0,0,0,0,,
AFG577,16/09/2018,Unknown,Wardak,0,0,0,0,0,0,0,0,,
AFG578,17/09/2018,Unknown,Helmand,0,0,0,0,0,0,0,0,,
AFG579,17/09/2018,Unknown,Khost,0,0,0,0,0,0,0,0,,
AFG580,17/09/2018,Unknown,Nangarhar,0,0,0,0,0,0,0,0,,
AFG581,17/09/2018,Unknown,Paktia,0,0,0,0,0,0,0,0,,
AFG582,18/09/2018,Unknown,Helmand,0,0,0,0,0,0,0,0,,
AFG583,18/09/2018,Unknown,Logar,0,0,0,0,0,0,0,0,,
AFG584,18/09/2018,Unknown,Nangarhar,0,0,0,0,0,0,0,0,,
AFG585,18/09/2018,Unknown,Uruzgan,0,0,0,0,0,0,0,0,,
AFG586,18/09/2018,Unknown,Zabul,0,0,0,0,0,0,0,0,,
AFG587,19/09/2018,Unknown,Nangarhar,0,0,0,0,0,0,0,0,,
AFG588,19/09/2018,Unknown,Helmand,0,0,0,0,0,0,0,0,,
AFG589,19/09/2018,Unknown,Logar,0,0,0,0,0,0,0,0,,
AFG590,19/09/2018,Unknown,Paktia,0,0,0,0,0,0,0,0,,
AFG591,19/09/2018,Unknown,Uruzgan,0,0,0,0,0,0,0,0,,
AFG592,19/09/2018,Unknown,Zabul,0,0,0,0,0,0,0,0,,
AFG593,20/09/2018,Unknown,Helmand,0,0,0,0,0,0,0,0,,
AFG594,20/09/2018,Unknown,Kunar,0,0,0,0,0,0,0,0,,
AFG595,20/09/2018,Unknown,Nangarhar,0,0,0,0,0,0,0,0,,
AFG596,20/09/2018,Unknown,Paktia,0,0,0,0,0,0,0,0,,
AFG597,21/09/2018,Unknown,Balkh,0,0,0,0,0,0,0,0,,
AFG598,21/09/2018,Unknown,Helmand,0,0,0,0,0,0,0,0,,
AFG599,21/09/2018,Unknown,Kapisa,0,0,0,0,0,0,0,0,,
AFG600,21/09/2018,Unknown,Nangarhar,0,0,0,0,0,0,0,0,,
AFG601,21/09/2018,Unknown,Wardak,0,0,0,0,0,0,0,0,,
AFG602,21/09/2018,Unknown,Zabul,0,0,0,0,0,0,0,0,,
AFG603,22/09/2018,Tagab,Kapisa,0,0,0,9,0,4,0,12,,
AFG604,22/09/2018,Unknown,Kapisa,0,0,0,0,0,0,0,0,,
AFG605,22/09/2018,Unknown,Helmand,0,0,0,0,0,0,0,0,,
AFG606,22/09/2018,Unknown,Kunar,0,0,0,0,0,0,0,0,,
AFG607,22/09/2018,Unknown,Logar,0,0,0,0,0,0,0,0,,
AFG608,23/09/2018,Unknown,Wardak,0,0,0,12,0,10,0,0,,
AFG609,23/09/2018,Unknown,Farah,5,23,0,8,0,0,0,0,,
AFG610,23/09/2018,Unknown,Helmand,0,0,0,0,0,0,0,0,,
AFG611,23/09/2018,Unknown,Kandahar,0,0,0,0,0,0,0,0,,
AFG612,23/09/2018,Unknown,Kapisa,0,0,0,0,0,0,0,0,,
AFG613,23/09/2018,Unknown,Kunar,0,0,0,0,0,0,0,0,,
AFG614,23/09/2018,Unknown,Logar,0,0,0,0,0,0,0,0,,
AFG615,23/09/2018,Unknown,Paktia,0,0,0,0,0,0,0,0,,
AFG616,24/09/2018,Unknown,Paktia,0,0,0,0,0,0,0,0,,
AFG617,24/09/2018,Unknown,Helmand,0,0,0,0,0,0,0,0,,
AFG618,24/09/2018,Unknown,Kandahar,0,0,0,0,0,0,0,0,,
AFG619,25/09/2018,Unknown,Kunduz,0,3,0,0,0,0,0,2,,
AFG620,25/09/2018,Unknown,Kapisa,0,0,0,0,0,0,0,0,,
AFG621,25/09/2018,Unknown,Nangarhar,0,0,0,0,0,0,0,0,,
AFG622,25/09/2018,Unknown,Uruzgan,0,0,0,0,0,0,0,0,,
AFG623,26/09/2018,Unknown,Kapisa,0,0,0,0,0,0,0,0,,
AFG624,26/09/2018,Unknown,Kunduz,0,0,0,0,0,0,0,0,,
AFG625,26/09/2018,Unknown,Uruzgan,0,0,0,0,0,0,0,0,,
AFG626,27/09/2018,Unknown,Faryab,0,0,0,0,0,0,0,0,,
AFG627,27/09/2018,Unknown,Ghazni,0,0,0,0,0,0,0,0,,
AFG628,27/09/2018,Unknown,Helmand,0,0,0,0,0,0,0,0,,
AFG629,27/09/2018,Unknown,Kandahar,0,0,0,0,0,0,0,0,,
AFG630,27/09/2018,Unknown,Kunduz,0,0,0,0,0,0,0,0,,
AFG631,27/09/2018,Unknown,Laghman,0,0,0,0,0,0,0,0,,
AFG632,27/09/2018,Unknown,Uruzgan,0,0,0,0,0,0,0,0,,
AFG633,28/09/2018,Unknown,Helmand,0,0,0,0,0,0,0,0,,
AFG634,28/09/2018,Unknown,Khost,0,0,0,0,0,0,0,0,,
AFG635,28/09/2018,Unknown,Laghman,0,0,0,0,0,0,0,0,,
AFG636,28/09/2018,Unknown,Nangarhar,0,0,0,0,0,0,0,0,,
AFG637,28/09/2018,Unknown,Zabul,0,0,0,0,0,0,0,0,,
AFG638,29/09/2018,Unknown,Helmand,0,0,0,0,0,0,0,0,,
AFG639,29/09/2018,Unknown,Kabul,0,0,0,0,0,0,0,0,,
AFG640,29/09/2018,Unknown,Logar,0,0,0,0,0,0,0,0,,
AFG641,29/09/2018,Unknown,Nangarhar,0,0,0,0,0,0,0,0,,
AFG642,29/09/2018,Unknown,Nimroz,0,0,0,0,0,0,0,0,,
AFG643,29/09/2018,Unknown,Uruzgan,0,0,0,0,0,0,0,0,,
AFG644,29/09/2018,Unknown,Zabul,0,0,0,0,0,0,0,0,,
AFG645,30/09/2018,Unknown,Nangarhar,0,0,0,0,0,0,0,0,,
AFG646,30/09/2018,Unknown,Jawzjan,0,0,0,0,0,0,0,0,,
AFG647,30/09/2018,Unknown,Helmand,0,0,0,0,0,0,0,0,,
AFG648,30/09/2018,Unknown,Uruzgan,0,0,0,0,0,0,0,0,,
AFG649,01/10/2018,Unknown,Helmand,0,0,0,0,0,0,0,0,,
AFG650,01/10/2018,Unknown,Kandahar,0,0,0,0,0,0,0,0,,
AFG651,01/10/2018,Unknown,Kunar,0,0,0,0,0,0,0,0,,
AFG652,01/10/2018,Unknown,Laghman,0,0,0,0,0,0,0,0,,
AFG653,01/10/2018,Unknown,Paktia,0,0,0,0,0,0,0,0,,
AFG654,02/10/2018,Unknown,Helmand,0,0,0,0,0,0,0,0,,
AFG655,02/10/2018,Unknown,Laghman,0,0,0,0,0,0,0,0,,
AFG656,02/10/2018,Unknown,Logar,0,0,0,0,0,0,0,0,,
AFG657,02/10/2018,Unknown,Nangarhar,0,0,0,0,0,0,0,0,,
AFG658,03/10/2018,Unknown,Ghazni,0,0,0,0,0,0,0,0,,
AFG659,03/10/2018,Unknown,Helmand,0,0,0,0,0,0,0,0,,
AFG660,03/10/2018,Unknown,Jawzjan,0,0,0,0,0,0,0,0,,
AFG661,03/10/2018,Unknown,Khost,0,0,0,0,0,0,0,0,,
AFG662,03/10/2018,Unknown,Kunar,0,0,0,0,0,0,0,0,,
AFG663,03/10/2018,Unknown,Laghman,0,0,0,0,0,0,0,0,,
AFG664,03/10/2018,Unknown,Nangarhar,0,0,0,0,0,0,0,0,,
AFG665,03/10/2018,Unknown,Paktia,0,0,0,0,0,0,0,0,,
AFG666,03/10/2018,Unknown,Uruzgan,0,0,0,0,0,0,0,0,,
AFG667,04/10/2018,Unknown,Helmand,0,0,0,0,0,0,0,0,,
AFG668,04/10/2018,Unknown,Herat,0,0,0,0,0,0,0,0,,
AFG669,04/10/2018,Unknown,Kunar,0,0,0,0,0,0,0,0,,
AFG670,04/10/2018,Unknown,Uruzgan,0,0,0,0,0,0,0,0,,
AFG671,05/10/2018,Unknown,Farah,0,30,0,0,0,0,0,0,,
AFG672,05/10/2018,Unknown,Badghis,0,0,0,0,0,0,0,0,,
AFG674,05/10/2018,Unknown,Faryab,0,0,0,0,0,0,0,0,,
AFG675,05/10/2018,Unknown,Helmand,0,0,0,0,0,0,0,0,,
AFG676,05/10/2018,Unknown,Kunar,0,0,0,0,0,0,0,0,,
AFG677,05/10/2018,Unknown,Laghman,0,0,0,0,0,0,0,0,,
AFG678,05/10/2018,Unknown,Nangarhar,0,0,0,0,0,0,0,0,,
AFG679,06/10/2018,Unknown,Nangarhar,0,0,0,0,0,0,0,0,,
AFG680,06/10/2018,Unknown,Farah,0,0,0,0,0,0,0,0,,
AFG681,06/10/2018,Unknown,Faryab,0,0,0,0,0,0,0,0,,
AFG682,06/10/2018,Unknown,Ghazni,0,0,0,0,0,0,0,0,,
AFG683,06/10/2018,Unknown,Kandahar,0,0,0,0,0,0,0,0,,
AFG684,06/10/2018,Unknown,Kunar,0,0,0,0,0,0,0,0,,
AFG685,06/10/2018,Unknown,Paktika,0,0,0,0,0,0,0,0,,
AFG686,06/10/2018,Unknown,Paktia,0,0,0,0,0,0,0,0,,
AFG687,06/10/2018,Unknown,Uruzgan,0,0,0,0,0,0,0,0,,
AFG688,07/10/2018,Unknown,Farah,0,0,0,0,0,0,0,0,,
AFG689,07/10/2018,Unknown,Faryab,0,0,0,0,0,0,0,0,,
AFG690,07/10/2018,Unknown,Ghazni,0,0,0,0,0,0,0,0,,
AFG691,07/10/2018,Unknown,Helmand,0,0,0,0,0,0,0,0,,
AFG692,07/10/2018,Unknown,Kunar,0,0,0,0,0,0,0,0,,
AFG693,07/10/2018,Unknown,Wardak,0,0,0,0,0,0,0,0,,
AFG694,08/10/2018,Unknown,Laghman,0,0,0,0,0,0,0,0,,
AFG695,08/10/2018,Unknown,Logar,0,0,0,0,0,0,0,0,,
AFG696,08/10/2018,Unknown,Wardak,0,0,0,0,0,0,0,0,,
AFG697,08/10/2018,Unknown,Zabul,0,0,0,0,0,0,0,0,,
AFG698,09/10/2018,Unknown,Farah,0,0,0,0,0,0,0,0,,
AFG699,09/10/2018,Unknown,Faryab,0,0,0,0,0,0,0,0,,
AFG700,09/10/2018,Unknown,Logar,0,0,0,0,0,0,0,0,,
AFG701,09/10/2018,Unknown,Nangarhar,0,0,0,0,0,0,0,0,,
AFG702,09/10/2018,Unknown,Wardak,0,0,0,0,0,0,0,0,,
AFG703,10/10/2018,Unknown,Faryab,0,17,0,0,0,0,0,0,,
AFG704,10/10/2018,Unknown,Helmand,0,0,0,0,0,0,0,0,,
AFG705,10/10/2018,Unknown,Laghman,0,0,0,0,0,0,0,0,,
AFG706,10/10/2018,Unknown,Nangarhar,0,0,0,0,0,0,0,0,,
AFG707,10/10/2018,Unknown,Paktia,0,0,0,0,0,0,0,0,,
AFG708,10/10/2018,Unknown,Uruzgan,0,0,0,0,0,0,0,0,,
AFG709,10/10/2018,Unknown,Wardak,0,0,0,0,0,0,0,0,,
AFG710,11/10/2018,Unknown,Faryab,0,0,0,0,0,0,0,0,,
AFG711,11/10/2018,Unknown,Helmand,0,0,0,0,0,0,0,0,,
AFG712,11/10/2018,Unknown,Jawzjan,0,0,0,0,0,0,0,0,,
AFG713,11/10/2018,Unknown,Nangarhar,0,0,0,0,0,0,0,0,,
AFG714,11/10/2018,Unknown,Parwan,0,0,0,0,0,0,0,0,,
AFG715,11/10/2018,Unknown,Uruzgan,0,0,0,0,0,0,0,0,,
AFG716,11/10/2018,Unknown,Wardak,0,0,0,0,0,0,0,0,,
AFG717,12/10/2018,Unknown,Helmand,0,0,0,0,0,0,0,0,,
AFG718,12/10/2018,Unknown,Kandahar,0,0,0,0,0,0,0,0,,
AFG719,12/10/2018,Unknown,Khost,0,0,0,0,0,0,0,0,,
AFG720,12/10/2018,Unknown,Kunduz,0,0,0,0,0,0,0,0,,
AFG721,12/10/2018,Unknown,Logar,0,0,0,0,0,0,0,0,,
AFG722,12/10/2018,Unknown,Nangarhar,0,0,0,0,0,0,0,0,,
AFG723,12/10/2018,Unknown,Parwan,0,0,0,0,0,0,0,3,,
AFG724,13/10/2018,Unknown,Nuristan,0,2,0,0,0,0,0,0,,
AFG725,13/10/2018,Unknown,Ghazni,0,0,0,0,0,0,0,0,,
AFG726,13/10/2018,Unknown,Helmand,0,0,0,0,0,0,0,0,,
AFG727,13/10/2018,Unknown,Kandahar,0,0,0,0,0,0,0,0,,
AFG728,13/10/2018,Unknown,Kunduz,0,0,0,0,0,0,0,0,,
AFG729,13/10/2018,Unknown,Laghman,0,0,0,0,0,0,0,0,,
AFG730,13/10/2018,Unknown,Nangarhar,0,0,0,0,0,0,0,0,,
AFG731,13/10/2018,Unknown,Paktika,0,0,0,0,0,0,0,0,,
AFG732,13/10/2018,Unknown,Uruzgan,0,0,0,0,0,0,0,0,,
AFG733,13/10/2018,Unknown,Wardak,0,0,0,0,0,0,0,0,,
AFG734,14/10/2018,Unknown,Kandahar,0,0,0,0,0,0,0,0,,
AFG735,14/10/2018,Unknown,Faryab,0,0,0,0,0,0,0,0,,
AFG736,14/10/2018,Unknown,Ghazni,0,0,0,0,0,0,0,0,,
AFG737,14/10/2018,Unknown,Kunduz,0,0,0,0,0,0,0,0,,
AFG738,14/10/2018,Unknown,Laghman,0,0,0,0,0,0,0,0,,
AFG739,14/10/2018,Unknown,Nangarhar,0,0,0,0,0,0,0,0,,
AFG740,14/10/2018,Unknown,Parwan,0,0,0,0,0,0,0,0,,
AFG741,15/10/2018,Unknown,Ghazni,0,23,0,0,0,0,0,0,,
AFG742,15/10/2018,Unknown,Helmand,0,0,0,0,0,0,0,0,,
AFG743,15/10/2018,Unknown,Kandahar,0,0,0,0,0,0,0,0,,
AFG744,15/10/2018,Unknown,Laghman,0,0,0,0,0,0,0,0,,
AFG745,15/10/2018,Unknown,Nuristan,0,0,0,0,0,0,0,0,,
AFG746,15/10/2018,Unknown,Paktika,0,0,0,0,0,0,0,0,,
AFG747,15/10/2018,Unknown,Uruzgan,0,0,0,0,0,0,0,0,,
AFG748,15/10/2018,Unknown,Wardak,0,0,0,0,0,0,0,0,,
AFG749,16/10/2018,Unknown,Kandahar,0,0,0,0,0,0,0,0,,
AFG750,16/10/2018,Unknown,Logar,0,0,0,0,0,0,0,0,,
AFG751,16/10/2018,Unknown,Nangarhar,0,0,0,0,0,0,0,0,,
AFG752,16/10/2018,Unknown,Paktika,0,0,0,0,0,0,0,0,,
AFG753,17/10/2018,Unknown,Nangarhar,0,0,0,0,0,0,0,0,,
AFG754,17/10/2018,Unknown,Helmand,0,0,0,0,0,0,0,0,,
AFG755,17/10/2018,Unknown,Laghman,0,0,0,0,0,0,0,0,,
AFG756,17/10/2018,Unknown,Logar,0,0,0,0,0,0,0,0,,
AFG757,17/10/2018,Unknown,Paktia,0,0,0,0,0,0,0,0,,
AFG758,17/10/2018,Unknown,Uruzgan,0,0,0,0,0,0,0,0,,
AFG759,18/10/2018,Unknown,Ghazni,0,0,0,0,0,0,0,0,,
AFG760,18/10/2018,Unknown,Helmand,0,0,0,0,0,0,0,0,,
AFG761,18/10/2018,Unknown,Laghman,0,0,0,0,0,0,0,0,,
AFG762,18/10/2018,Unknown,Logar,0,0,0,0,0,0,0,0,,
AFG763,18/10/2018,Unknown,Nangarhar,0,0,0,0,0,0,0,0,,
AFG764,19/10/2018,Unknown,Helmand,0,0,0,0,0,0,0,0,,
AFG765,19/10/2018,Unknown,Kabul,0,0,0,0,0,0,0,0,,
AFG766,19/10/2018,Unknown,Kapisa,0,0,0,0,0,0,0,0,,
AFG767,19/10/2018,Unknown,Kunar,0,0,0,0,0,0,0,0,,
AFG768,19/10/2018,Unknown,Laghman,0,0,0,0,0,0,0,0,,
AFG769,19/10/2018,Unknown,Nangarhar,0,0,0,0,0,0,0,0,,
AFG770,19/10/2018,Unknown,Nimroz,0,0,0,0,0,0,0,0,,
AFG771,20/10/2018,Unknown,Nangarhar,0,0,0,0,0,0,0,0,,
AFG772,20/10/2018,Unknown,Baghlan,0,0,0,0,0,0,0,0,,
AFG773,20/10/2018,Unknown,Helmand,0,0,0,0,0,0,0,0,,
AFG774,20/10/2018,Unknown,Khost,0,0,0,0,0,0,0,0,,
AFG775,20/10/2018,Unknown,Kunar,0,0,0,0,0,0,0,0,,
AFG776,20/10/2018,Unknown,Paktia,0,0,0,0,0,0,0,0,,
AFG777,21/10/2018,Unknown,Ghor,0,0,0,0,0,0,0,0,,
AFG778,21/10/2018,Unknown,Helmand,0,0,0,0,0,0,0,0,,
AFG779,21/10/2018,Unknown,Kapisa,0,0,0,0,0,0,0,0,,
AFG780,21/10/2018,Unknown,Khost,0,0,0,0,0,0,0,0,,
AFG781,21/10/2018,Unknown,Laghman,0,0,0,0,0,0,0,0,,
AFG782,21/10/2018,Unknown,Nangarhar,0,0,0,0,0,0,0,0,,
AFG783,21/10/2018,Unknown,Paktia,0,0,0,0,0,0,0,0,,
AFG784,21/10/2018,Unknown,Wardak,0,0,0,0,0,0,0,0,,
AFG785,21/10/2018,Unknown,Zabul,0,0,0,0,0,0,0,0,,
AFG786,22/10/2018,Unknown,Helmand,0,0,0,0,0,0,0,0,,
AFG787,22/10/2018,Unknown,Kandahar,0,0,0,0,0,0,0,0,,
AFG788,22/10/2018,Unknown,Kunar,0,0,0,0,0,0,0,0,,
AFG789,22/10/2018,Unknown,Laghman,0,0,0,0,0,0,0,0,,
AFG790,22/10/2018,Unknown,Logar,0,0,0,0,0,0,0,0,,
AFG791,22/10/2018,Unknown,Nangarhar,0,0,0,0,0,0,0,0,,
AFG792,22/10/2018,Unknown,Nuristan,0,0,0,0,0,0,0,0,,
AFG793,23/10/2018,Unknown,Laghman,0,0,0,0,0,0,0,0,,
AFG794,23/10/2018,Unknown,Parwan,0,0,0,0,0,0,0,0,,
AFG795,24/10/2018,Unknown,Helmand,0,0,0,0,0,0,0,0,,
AFG796,24/10/2018,Unknown,Khost,0,0,0,0,0,0,0,0,,
AFG797,24/10/2018,Unknown,Laghman,0,0,0,0,0,0,0,0,,
AFG798,25/10/2018,Unknown,Nangarhar,0,3,0,0,0,0,0,0,,
AFG799,25/10/2018,Unknown,Kunar,0,2,0,0,0,0,0,3,,
AFG800,25/10/2018,Unknown,Helmand,0,0,0,0,0,0,0,0,,
AFG801,25/10/2018,Unknown,Kandahar,0,0,0,0,0,0,0,0,,
AFG802,25/10/2018,Unknown,Laghman,0,0,0,0,0,0,0,0,,
AFG803,25/10/2018,Unknown,Logar,0,0,0,0,0,0,0,0,,
AFG804,26/10/2018,Unknown,Helmand,0,0,0,0,0,0,0,0,,
AFG805,26/10/2018,Unknown,Kandahar,0,0,0,0,0,0,0,0,,
AFG806,26/10/2018,Unknown,Nangarhar,0,0,0,0,0,0,0,0,,
AFG807,26/10/2018,Unknown,Nimroz,0,0,0,0,0,0,0,0,,
AFG808,26/10/2018,Unknown,Paktia,0,0,0,0,0,0,0,0,,
AFG809,26/10/2018,Unknown,Uruzgan,0,0,0,0,0,0,0,0,,
AFG810,27/10/2018,Unknown,Ghazni,0,0,0,0,0,0,0,0,,
AFG811,27/10/2018,Unknown,Laghman,0,0,0,0,0,0,0,0,,
AFG812,27/10/2018,Unknown,Nangarhar,0,0,0,0,0,0,0,0,,
AFG813,28/10/2018,Unknown,Nangarhar,0,3,0,0,0,0,0,0,,
AFG814,28/10/2018,Unknown,Ghazni,0,0,0,0,0,0,0,0,,
AFG815,28/10/2018,Unknown,Paktika,0,0,0,0,0,0,0,0,,
AFG816,29/10/2018,Unknown,Laghman,0,0,0,0,0,0,0,0,,
AFG817,29/10/2018,Unknown,Nangarhar,0,0,0,0,0,0,0,0,,
AFG818,29/10/2018,Unknown,Paktika,0,0,0,0,0,0,0,0,,
AFG819,29/10/2018,Unknown,Parwan,0,0,0,0,0,0,0,0,,
AFG820,30/10/2018,Unknown,Ghazni,0,0,0,0,0,0,0,0,,
AFG821,30/10/2018,Unknown,Logar,0,0,0,0,0,0,0,0,,
AFG822,30/10/2018,Unknown,Nangarhar,0,0,0,0,0,0,0,0,,
AFG823,31/10/2018,Unknown,Ghazni,0,0,0,0,0,0,0,0,,
AFG824,09/11/2018,Unknown,Farah,7,7,0,0,0,0,0,0,,
AFG825,13/11/2018,Ghazni-Uruzgan highway,Ghazni,60,60,0,0,0,0,0,0,,
AFG826,18/11/2018,Mata Khan,Paktika,6,6,0,0,0,0,0,0,,
AFG827,21/11/2018,Unknown,Logar,10,10,0,0,0,0,0,0,,
AFG828,25/11/2018,Alishing,Laghman,6,6,0,0,0,0,0,0,,